Price,Property Type,Number Of Bedrooms,Number Of Bathrooms,Area,Location
6000000,VILLA,7,7,500,OTHER
1650000,APARTMENT,3,4,144,OTHER
2500000,VILLA,7,2,395,OTHER
435000,APARTMENT,3,3,575,OTHER
320000,APARTMENT,3,3,659,OTHER
450000,APARTMENT,3,2,102,"AL MARWAH, JEDDAH, MAKKAH AL MUKARRAMAH"
540000,APARTMENT,4,3,131,"AL MARWAH, JEDDAH, MAKKAH AL MUKARRAMAH"
720000,APARTMENT,4,3,117,"AR RAWDAH, JEDDAH, MAKKAH AL MUKARRAMAH"
650000,APARTMENT,4,3,111,"AS SALAMAH, JEDDAH, MAKKAH AL MUKARRAMAH"
800000,APARTMENT,4,3,139,"AR RAWDAH, JEDDAH, MAKKAH AL MUKARRAMAH"
780000,APARTMENT,4,3,124,"AR RAWDAH, JEDDAH, MAKKAH AL MUKARRAMAH"
762603,APARTMENT,4,3,159,OTHER
617500,APARTMENT,4,3,118,OTHER
644385,APARTMENT,4,3,133,OTHER
990000,APARTMENT,4,3,163,"AR RAWDAH, JEDDAH, MAKKAH AL MUKARRAMAH"
700000,APARTMENT,4,3,112,"AR RAWDAH, JEDDAH, MAKKAH AL MUKARRAMAH"
27000000,VILLA,7,7,2640,OTHER
680000,APARTMENT,5,3,161,"AL MARWAH, JEDDAH, MAKKAH AL MUKARRAMAH"
1425000,APARTMENT,3,3,78,OTHER
1599000,APARTMENT,4,2,132,OTHER
2299000,VILLA,4,4,197,OTHER
560000,APARTMENT,4,4,137,"AS SALAMAH, JEDDAH, MAKKAH AL MUKARRAMAH"
439000,APARTMENT,2,2,524,"AR RAWDAH, JEDDAH, MAKKAH AL MUKARRAMAH"
1150000,FULL FLOOR,5,5,230,OTHER
1200000,APARTMENT,4,3,153,"AL MUNISIYAH, RIYADH, AR RIYADH"
1600000,FULL FLOOR,3,5,223,"AL MUNISIYAH, RIYADH, AR RIYADH"
1250000,VILLA,5,7,289,"AR RIMAL, RIYADH, AR RIYADH"
1350000,VILLA,5,7,303,"AR RIMAL, RIYADH, AR RIYADH"
820000,FULL FLOOR,5,5,160,"AL JANADRIYAH, RIYADH, AR RIYADH"
1350000,FULL FLOOR,5,5,251,OTHER
1180000,APARTMENT,4,3,148,"AL MUNISIYAH, RIYADH, AR RIYADH"
720000,APARTMENT,4,3,101,OTHER
3000000,VILLA,5,6,338,"AR RIMAL, RIYADH, AR RIYADH"
3100000,VILLA,5,6,312,"AR RIMAL, RIYADH, AR RIYADH"
1130000,APARTMENT,5,3,142,"AL MUNISIYAH, RIYADH, AR RIYADH"
519000,APARTMENT,4,3,130,OTHER
560000,APARTMENT,5,4,162,"AS SAFA, JEDDAH, MAKKAH AL MUKARRAMAH"
950000,APARTMENT,4,3,160,"AR RAWDAH, JEDDAH, MAKKAH AL MUKARRAMAH"
520000,APARTMENT,5,4,180,OTHER
3900000,VILLA,5,7,264,OTHER
385000,APARTMENT,3,3,108,OTHER
2400000,VILLA,4,5,240,OTHER
549000,APARTMENT,3,2,524,"AR RAWDAH, JEDDAH, MAKKAH AL MUKARRAMAH"
710000,APARTMENT,4,3,114,"AR RAWDAH, JEDDAH, MAKKAH AL MUKARRAMAH"
770000,APARTMENT,4,3,127,"AR RAWDAH, JEDDAH, MAKKAH AL MUKARRAMAH"
900000,APARTMENT,6,3,188,OTHER
800000,APARTMENT,4,3,137,"AR RAWDAH, JEDDAH, MAKKAH AL MUKARRAMAH"
830000,APARTMENT,4,3,140,"AS SALAMAH, JEDDAH, MAKKAH AL MUKARRAMAH"
2600000,VILLA,6,7,312,OTHER
630000,APARTMENT,5,3,152,OTHER
530000,APARTMENT,4,3,135,OTHER
1850000,VILLA,5,5,292,"AR RIMAL, RIYADH, AR RIYADH"
450000,APARTMENT,5,3,550,OTHER
299000,APARTMENT,2,2,616,OTHER
4200000,VILLA,6,6,371,"AL MUNISIYAH, RIYADH, AR RIYADH"
1101000,APARTMENT,4,4,146,"AL MUNISIYAH, RIYADH, AR RIYADH"
3650000,VILLA,6,6,324,"AL MUNISIYAH, RIYADH, AR RIYADH"
1550000,FULL FLOOR,4,6,206,"AL MUNISIYAH, RIYADH, AR RIYADH"
1257000,APARTMENT,3,3,128,"AL MUNISIYAH, RIYADH, AR RIYADH"
1950000,FULL FLOOR,5,4,204,OTHER
978000,APARTMENT,3,3,118,"AL MUNISIYAH, RIYADH, AR RIYADH"
2000000,FULL FLOOR,5,5,264,"AL MUNISIYAH, RIYADH, AR RIYADH"
1380000,APARTMENT,3,3,128,OTHER
320000,APARTMENT,3,2,659,OTHER
1600000,FULL FLOOR,3,3,223,"AL MUNISIYAH, RIYADH, AR RIYADH"
1500000,FULL FLOOR,4,3,225,OTHER
2100000,FULL FLOOR,3,3,343,OTHER
1950000,FULL FLOOR,5,3,187,OTHER
1750000,FULL FLOOR,5,4,192,"AL MUNISIYAH, RIYADH, AR RIYADH"
1900000,VILLA,5,6,315,OTHER
1050000,APARTMENT,3,3,172,OTHER
1400000,FULL FLOOR,4,4,251,OTHER
250000,APARTMENT,2,2,706,OTHER
380000,APARTMENT,4,3,642,"AS SAFA, JEDDAH, MAKKAH AL MUKARRAMAH"
680000,APARTMENT,4,3,122,"AR RIMAL, RIYADH, AR RIYADH"
1950000,FULL FLOOR,5,5,204,OTHER
1650000,FULL FLOOR,5,4,192,"AL MUNISIYAH, RIYADH, AR RIYADH"
1550000,FULL FLOOR,4,4,213,OTHER
1150000,FULL FLOOR,3,3,144,"AL MUNISIYAH, RIYADH, AR RIYADH"
1380000,APARTMENT,3,4,128,OTHER
945000,APARTMENT,3,4,120,"AL MUNISIYAH, RIYADH, AR RIYADH"
250000,APARTMENT,2,3,706,OTHER
650000,APARTMENT,4,3,123,"AS SALAMAH, JEDDAH, MAKKAH AL MUKARRAMAH"
1100000,VILLA,7,5,391,OTHER
1200000,VILLA,7,4,312,OTHER
850000,FULL FLOOR,7,4,145,OTHER
475000,APARTMENT,4,3,649,OTHER
730000,APARTMENT,4,3,112,"AR RAWDAH, JEDDAH, MAKKAH AL MUKARRAMAH"
395000,APARTMENT,3,3,750,"AS SAFA, JEDDAH, MAKKAH AL MUKARRAMAH"
580000,APARTMENT,5,3,163,OTHER
790000,APARTMENT,5,3,175,"AS SALAMAH, JEDDAH, MAKKAH AL MUKARRAMAH"
950000,APARTMENT,4,3,157,"AR RAWDAH, JEDDAH, MAKKAH AL MUKARRAMAH"
5300000,VILLA,7,7,675,OTHER
375000,APARTMENT,3,3,115,"AS SAFA, JEDDAH, MAKKAH AL MUKARRAMAH"
1200000,FULL FLOOR,5,4,157,OTHER
1000000,FULL FLOOR,5,4,166,OTHER
850000,APARTMENT,3,2,60,"AL MUNISIYAH, RIYADH, AR RIYADH"
1250000,FULL FLOOR,3,3,202,"AL MUNISIYAH, RIYADH, AR RIYADH"
1050000,APARTMENT,3,3,93,"AL MUNISIYAH, RIYADH, AR RIYADH"
1200000,FULL FLOOR,4,5,230,OTHER
1500000,FULL FLOOR,4,5,251,OTHER
1500000,FULL FLOOR,4,3,141,"AL MUNISIYAH, RIYADH, AR RIYADH"
1650000,FULL FLOOR,5,5,183,"AL MUNISIYAH, RIYADH, AR RIYADH"
980000,APARTMENT,5,4,204,OTHER
650000,APARTMENT,5,3,164,OTHER
670000,APARTMENT,5,3,162,OTHER
750000,APARTMENT,4,4,167,"AL MARWAH, JEDDAH, MAKKAH AL MUKARRAMAH"
870000,APARTMENT,5,3,170,OTHER
750000,APARTMENT,4,3,120,"AR RAWDAH, JEDDAH, MAKKAH AL MUKARRAMAH"
560000,APARTMENT,5,4,147,OTHER
620000,APARTMENT,5,3,145,OTHER
900000,APARTMENT,4,3,158,OTHER
520000,APARTMENT,4,3,152,OTHER
1250000,APARTMENT,5,4,206,"AS SALAMAH, JEDDAH, MAKKAH AL MUKARRAMAH"
1600000,APARTMENT,5,4,230,OTHER
750000,APARTMENT,4,3,167,"AL MARWAH, JEDDAH, MAKKAH AL MUKARRAMAH"
1250000,VILLA,5,4,188,OTHER
1200000,APARTMENT,5,4,185,OTHER
990000,APARTMENT,5,3,175,"AS SALAMAH, JEDDAH, MAKKAH AL MUKARRAMAH"
1150000,APARTMENT,5,4,211,"AS SALAMAH, JEDDAH, MAKKAH AL MUKARRAMAH"
1700000,VILLA,4,5,225,"AR RIMAL, RIYADH, AR RIYADH"
950000,APARTMENT,5,3,163,"AS SALAMAH, JEDDAH, MAKKAH AL MUKARRAMAH"
1050000,APARTMENT,5,3,179,"AS SALAMAH, JEDDAH, MAKKAH AL MUKARRAMAH"
1200000,APARTMENT,5,4,224,OTHER
790000,APARTMENT,5,4,170,OTHER
7500000,VILLA,7,7,1100,OTHER
1250000,FULL FLOOR,3,3,230,OTHER
1650000,FULL FLOOR,5,4,195,OTHER
6000000,APARTMENT,4,4,441,OTHER
25000000,VILLA,5,7,3000,"AR RIMAL, RIYADH, AR RIYADH"
3267000,VILLA,5,7,400,OTHER
730000,APARTMENT,5,4,185,"AS SAFA, JEDDAH, MAKKAH AL MUKARRAMAH"
669000,APARTMENT,3,3,525,OTHER
5500000,APARTMENT,3,5,441,OTHER
6500000,APARTMENT,4,5,430,OTHER
1250000,APARTMENT,3,4,149,"AR RAWDAH, JEDDAH, MAKKAH AL MUKARRAMAH"
660000,APARTMENT,5,4,158,"AS SAFA, JEDDAH, MAKKAH AL MUKARRAMAH"
2000000,VILLA,4,7,312,OTHER
2500000,VILLA,5,5,330,OTHER
1050000,APARTMENT,6,5,238,"AS SAFA, JEDDAH, MAKKAH AL MUKARRAMAH"
7000000,VILLA,7,6,561,OTHER
1000000,APARTMENT,4,3,174,OTHER
1350000,VILLA,5,6,303,"AR RIMAL, RIYADH, AR RIYADH"
2500000,VILLA,5,5,250,OTHER
1244000,APARTMENT,3,3,82,"AL MUNISIYAH, RIYADH, AR RIYADH"
470000,APARTMENT,4,3,128,OTHER
1950000,FULL FLOOR,5,5,187,OTHER
930000,APARTMENT,5,4,680,OTHER
640000,APARTMENT,4,3,600,"AS SALAMAH, JEDDAH, MAKKAH AL MUKARRAMAH"
640000,APARTMENT,4,4,600,"AR RAWDAH, JEDDAH, MAKKAH AL MUKARRAMAH"
1200000,APARTMENT,3,3,154,OTHER
2000000,VILLA,7,5,312,OTHER
1100000,APARTMENT,4,4,196,"AR RAWDAH, JEDDAH, MAKKAH AL MUKARRAMAH"
1800000,APARTMENT,3,3,152,OTHER
1950000,VILLA,7,7,312,OTHER
980000,APARTMENT,4,4,201,"AS SALAMAH, JEDDAH, MAKKAH AL MUKARRAMAH"
580000,APARTMENT,2,2,79,OTHER
1700000,APARTMENT,3,3,147,OTHER
4800000,VILLA,7,6,746,OTHER
2750000,VILLA,7,5,300,OTHER
890000,APARTMENT,5,4,197,OTHER
1978000,APARTMENT,1,2,92,OTHER
4800000,VILLA,4,6,300,OTHER
1950000,APARTMENT,3,4,140,OTHER
1900000,VILLA,3,4,200,OTHER
3000000,VILLA,5,6,300,OTHER
4700000,VILLA,7,7,720,OTHER
620000,APARTMENT,3,3,118,OTHER
750000,APARTMENT,7,4,166,OTHER
480000,APARTMENT,5,3,158,OTHER
750000,APARTMENT,5,3,179,OTHER
1350000,FULL FLOOR,4,4,196,OTHER
2100000,VILLA,7,7,332,"AR RIMAL, RIYADH, AR RIYADH"
580000,FULL FLOOR,7,4,214,OTHER
1800000,VILLA,7,7,226,OTHER
650000,FULL FLOOR,5,3,123,"AR RIMAL, RIYADH, AR RIYADH"
480000,APARTMENT,5,3,167,OTHER
740000,APARTMENT,5,4,194,"AS SAFA, JEDDAH, MAKKAH AL MUKARRAMAH"
375000,APARTMENT,3,4,108,OTHER
375000,APARTMENT,3,3,108,OTHER
1600000,FULL FLOOR,4,5,206,"AL MUNISIYAH, RIYADH, AR RIYADH"
800000,FULL FLOOR,5,3,155,"AL JANADRIYAH, RIYADH, AR RIYADH"
950000,FULL FLOOR,3,4,177,"AR RIMAL, RIYADH, AR RIYADH"
1500000,VILLA,6,6,200,OTHER
1300000,VILLA,4,7,312,OTHER
1400000,APARTMENT,3,3,126,OTHER
1200000,VILLA,4,7,233,OTHER
1250000,APARTMENT,3,3,131,OTHER
2390000,VILLA,4,7,1305,MAKKAH AL MUKARRAMAH
1000000,VILLA,3,7,780,MAKKAH AL MUKARRAMAH
3800000,VILLA,7,7,450,OTHER
650000,APARTMENT,3,3,840,"TUWAIQ, RIYADH, AR RIYADH"
3600000,VILLA,7,7,660,OTHER
2700000,APARTMENT,2,3,118,OTHER
780000,APARTMENT,4,3,123,OTHER
2200000,VILLA,7,7,276,OTHER
1400000,VILLA,7,5,200,OTHER
4500000,VILLA,7,6,900,OTHER
750000,APARTMENT,5,4,219,OTHER
790000,APARTMENT,4,3,411,"AR RAWDAH, JEDDAH, MAKKAH AL MUKARRAMAH"
799000,APARTMENT,4,3,411,"AR RAWDAH, JEDDAH, MAKKAH AL MUKARRAMAH"
1000050,VILLA,6,5,265,OTHER
950000,APARTMENT,5,4,178,"AL JANADRIYAH, RIYADH, AR RIYADH"
730000,FULL FLOOR,6,4,195,"AL JANADRIYAH, RIYADH, AR RIYADH"
1900000,FULL FLOOR,5,4,188,OTHER
520000,APARTMENT,5,4,167,OTHER
880000,APARTMENT,6,5,217,OTHER
695000,VILLA,6,4,181,OTHER
700000,VILLA,6,4,181,OTHER
590000,FULL FLOOR,5,2,150,OTHER
1550000,VILLA,7,7,274,"AR RIMAL, RIYADH, AR RIYADH"
1550000,APARTMENT,3,4,137,OTHER
850000,FULL FLOOR,5,3,181,OTHER
920000,APARTMENT,5,5,256,OTHER
1150000,FULL FLOOR,6,3,172,"TUWAIQ, RIYADH, AR RIYADH"
530000,APARTMENT,3,2,72,OTHER
1300000,APARTMENT,5,5,237,"AS SAFA, JEDDAH, MAKKAH AL MUKARRAMAH"
1500000,FULL FLOOR,5,3,189,OTHER
950000,FULL FLOOR,6,3,183,"TUWAIQ, RIYADH, AR RIYADH"
680000,FULL FLOOR,4,3,143,OTHER
590000,FULL FLOOR,6,4,224,OTHER
2200000,VILLA,7,7,450,OTHER
750000,APARTMENT,4,5,185,OTHER
560000,APARTMENT,6,4,226,OTHER
650000,APARTMENT,6,4,275,OTHER
600000,FULL FLOOR,7,4,202,OTHER
580000,FULL FLOOR,7,4,229,OTHER
520000,APARTMENT,7,5,227,OTHER
1260000,VILLA,7,7,375,OTHER
500000,APARTMENT,5,3,141,OTHER
4000000,VILLA,7,4,345,OTHER
1060000,APARTMENT,4,3,213,"AL JANADRIYAH, RIYADH, AR RIYADH"
550000,APARTMENT,5,4,198,OTHER
800000,VILLA,7,5,301,MAKKAH AL MUKARRAMAH
1250000,APARTMENT,6,3,188,OTHER
750000,APARTMENT,6,7,328,OTHER
900000,FULL FLOOR,5,3,177,"AR RIMAL, RIYADH, AR RIYADH"
600000,FULL FLOOR,7,4,219,OTHER
600000,FULL FLOOR,3,3,909,OTHER
695000,APARTMENT,5,3,159,OTHER
560000,APARTMENT,5,3,162,"AS SAFA, JEDDAH, MAKKAH AL MUKARRAMAH"
590000,FULL FLOOR,6,4,224,OTHER
600000,FULL FLOOR,7,4,206,OTHER
950000,APARTMENT,5,5,237,"AS SAFA, JEDDAH, MAKKAH AL MUKARRAMAH"
720000,VILLA,7,5,350,MAKKAH AL MUKARRAMAH
560000,APARTMENT,5,4,194,"AS SAFA, JEDDAH, MAKKAH AL MUKARRAMAH"
900000,FULL FLOOR,3,3,155,"AR RIMAL, RIYADH, AR RIYADH"
550000,VILLA,5,5,229,OTHER
630000,FULL FLOOR,5,3,167,OTHER
500000,APARTMENT,4,3,158,OTHER
5300000,VILLA,7,7,375,OTHER
760000,APARTMENT,5,3,194,"AL JANADRIYAH, RIYADH, AR RIYADH"
1000000,APARTMENT,5,3,108,OTHER
1300000,FULL FLOOR,5,3,176,OTHER
500000,APARTMENT,5,3,199,OTHER
350000,FULL FLOOR,5,3,190,OTHER
900000,APARTMENT,6,5,208,"AL JANADRIYAH, RIYADH, AR RIYADH"
900000,VILLA,7,6,293,OTHER
790000,VILLA,6,4,260,OTHER
890000,FULL FLOOR,6,5,549,OTHER
700000,FULL FLOOR,4,2,176,OTHER
740000,FULL FLOOR,5,4,200,"AL JANADRIYAH, RIYADH, AR RIYADH"
499000,APARTMENT,5,3,166,OTHER
499000,APARTMENT,5,3,157,OTHER
3200000,VILLA,7,7,390,OTHER
1300000,VILLA,7,5,307,OTHER
920000,APARTMENT,6,5,208,"AL JANADRIYAH, RIYADH, AR RIYADH"
1090000,VILLA,5,4,235,"AL JANADRIYAH, RIYADH, AR RIYADH"
590000,APARTMENT,4,3,118,OTHER
1400000,VILLA,5,4,200,OTHER
1230000,VILLA,7,6,385,OTHER
785000,APARTMENT,7,4,242,OTHER
775000,APARTMENT,5,5,149,OTHER
620000,APARTMENT,7,4,218,OTHER
600000,APARTMENT,6,4,198,OTHER
700000,FULL FLOOR,6,4,450,OTHER
520000,APARTMENT,4,3,130,"AL MARWAH, JEDDAH, MAKKAH AL MUKARRAMAH"
1300000,VILLA,7,7,371,OTHER
850000,VILLA,7,5,301,OTHER
590000,APARTMENT,4,3,146,"AL MARWAH, JEDDAH, MAKKAH AL MUKARRAMAH"
890000,FULL FLOOR,6,3,156,OTHER
670000,FULL FLOOR,6,4,510,OTHER
685000,APARTMENT,5,5,192,OTHER
500000,APARTMENT,6,4,198,OTHER
1800000,VILLA,7,7,270,OTHER
1545000,APARTMENT,3,3,116,OTHER
790000,APARTMENT,6,4,780,OTHER
490000,APARTMENT,4,4,625,OTHER
490000,APARTMENT,4,3,625,OTHER
570000,APARTMENT,4,3,158,OTHER
1300000,FULL FLOOR,4,4,189,"AR RIMAL, RIYADH, AR RIYADH"
580000,APARTMENT,4,3,128,"AS SAFA, JEDDAH, MAKKAH AL MUKARRAMAH"
550000,APARTMENT,3,2,68,"TUWAIQ, RIYADH, AR RIYADH"
650000,FULL FLOOR,6,3,124,OTHER
780000,APARTMENT,5,5,149,OTHER
750000,FULL FLOOR,6,4,206,"AL JANADRIYAH, RIYADH, AR RIYADH"
770000,APARTMENT,5,4,215,OTHER
500000,APARTMENT,4,3,128,OTHER
850000,APARTMENT,6,3,202,OTHER
840000,FULL FLOOR,7,3,167,OTHER
1600000,VILLA,7,6,494,OTHER
850000,FULL FLOOR,6,3,190,"AL JANADRIYAH, RIYADH, AR RIYADH"
890000,APARTMENT,7,4,252,OTHER
1000000,FULL FLOOR,6,3,235,"AL JANADRIYAH, RIYADH, AR RIYADH"
600000,APARTMENT,4,3,161,OTHER
650000,APARTMENT,7,6,293,OTHER
500000,APARTMENT,6,4,198,OTHER
790000,APARTMENT,7,4,242,OTHER
470000,APARTMENT,6,4,187,OTHER
1300000,VILLA,7,5,593,MAKKAH AL MUKARRAMAH
1400000,VILLA,7,7,290,OTHER
500000,APARTMENT,4,2,112,OTHER
500000,APARTMENT,6,4,196,OTHER
1200000,VILLA,7,7,300,OTHER
690000,FULL FLOOR,5,3,176,OTHER
850000,APARTMENT,4,3,172,"AR RAWDAH, JEDDAH, MAKKAH AL MUKARRAMAH"
780000,APARTMENT,4,3,136,"AR RAWDAH, JEDDAH, MAKKAH AL MUKARRAMAH"
580000,APARTMENT,3,2,86,"AR RAWDAH, JEDDAH, MAKKAH AL MUKARRAMAH"
590000,APARTMENT,4,3,138,"AS SAFA, JEDDAH, MAKKAH AL MUKARRAMAH"
650000,APARTMENT,4,2,94,"AS SALAMAH, JEDDAH, MAKKAH AL MUKARRAMAH"
2500000,VILLA,7,6,575,OTHER
1900000,APARTMENT,1,2,101,OTHER
900000,VILLA,7,5,360,OTHER
660000,APARTMENT,6,3,228,MAKKAH AL MUKARRAMAH
980000,APARTMENT,6,5,220,OTHER
820000,APARTMENT,6,3,178,OTHER
5900000,VILLA,7,7,720,OTHER
990000,FULL FLOOR,4,3,177,"AR RIMAL, RIYADH, AR RIYADH"
1350000,FULL FLOOR,3,4,196,"AL MUNISIYAH, RIYADH, AR RIYADH"
1150000,APARTMENT,3,3,134,"AL MUNISIYAH, RIYADH, AR RIYADH"
2900000,VILLA,6,6,338,"AR RIMAL, RIYADH, AR RIYADH"
550000,APARTMENT,6,4,240,OTHER
1330000,APARTMENT,3,2,116,OTHER
1110000,APARTMENT,3,2,107,OTHER
550000,FULL FLOOR,7,4,221,OTHER
580000,APARTMENT,6,4,203,OTHER
550000,APARTMENT,7,3,156,OTHER
550000,APARTMENT,6,4,247,OTHER
1200000,FULL FLOOR,5,5,232,"AL JANADRIYAH, RIYADH, AR RIYADH"
830000,APARTMENT,4,4,230,MAKKAH AL MUKARRAMAH
950000,FULL FLOOR,6,4,195,"AL JANADRIYAH, RIYADH, AR RIYADH"
1150000,APARTMENT,7,5,192,"AL JANADRIYAH, RIYADH, AR RIYADH"
620000,APARTMENT,6,4,277,MAKKAH AL MUKARRAMAH
550000,APARTMENT,6,4,175,OTHER
650000,APARTMENT,4,3,117,"AL JANADRIYAH, RIYADH, AR RIYADH"
800000,FULL FLOOR,5,4,180,"AL JANADRIYAH, RIYADH, AR RIYADH"
550000,APARTMENT,3,3,102,"AL JANADRIYAH, RIYADH, AR RIYADH"
720000,FULL FLOOR,4,3,180,OTHER
950000,FULL FLOOR,7,3,170,"AL JANADRIYAH, RIYADH, AR RIYADH"
1150000,FULL FLOOR,3,5,144,"AL MUNISIYAH, RIYADH, AR RIYADH"
1150000,FULL FLOOR,3,4,144,"AL MUNISIYAH, RIYADH, AR RIYADH"
850000,APARTMENT,3,3,60,"AL MUNISIYAH, RIYADH, AR RIYADH"
4200000,VILLA,6,7,371,"AL MUNISIYAH, RIYADH, AR RIYADH"
1450000,FULL FLOOR,4,3,141,"AL MUNISIYAH, RIYADH, AR RIYADH"
1400000,FULL FLOOR,4,5,251,OTHER
1600000,FULL FLOOR,4,4,206,"AL MUNISIYAH, RIYADH, AR RIYADH"
1450000,FULL FLOOR,4,4,141,"AL MUNISIYAH, RIYADH, AR RIYADH"
470000,APARTMENT,3,2,111,MAKKAH AL MUKARRAMAH
670000,APARTMENT,7,4,263,MAKKAH AL MUKARRAMAH
950000,FULL FLOOR,6,3,181,"AL JANADRIYAH, RIYADH, AR RIYADH"
470000,APARTMENT,3,2,115,MAKKAH AL MUKARRAMAH
700000,APARTMENT,6,4,190,OTHER
950000,FULL FLOOR,6,3,157,OTHER
650000,APARTMENT,7,5,245,OTHER
1170000,VILLA,7,6,381,OTHER
800000,VILLA,7,6,353,MAKKAH AL MUKARRAMAH
900000,FULL FLOOR,6,5,147,OTHER
750000,VILLA,7,5,359,MAKKAH AL MUKARRAMAH
1050000,VILLA,7,7,394,MAKKAH AL MUKARRAMAH
1400000,VILLA,7,7,320,OTHER
2750000,VILLA,6,6,376,OTHER
1700000,VILLA,5,6,225,"AR RIMAL, RIYADH, AR RIYADH"
800000,APARTMENT,3,3,151,OTHER
800000,APARTMENT,3,3,158,"AR RIMAL, RIYADH, AR RIYADH"
1200000,FULL FLOOR,3,3,165,OTHER
1250000,FULL FLOOR,4,4,274,"AL JANADRIYAH, RIYADH, AR RIYADH"
1400000,APARTMENT,3,3,209,"AL MUNISIYAH, RIYADH, AR RIYADH"
1700000,FULL FLOOR,4,4,242,"AL MUNISIYAH, RIYADH, AR RIYADH"
600000,APARTMENT,3,3,144,OTHER
800000,VILLA,7,6,354,MAKKAH AL MUKARRAMAH
1050000,APARTMENT,7,4,267,"AL JANADRIYAH, RIYADH, AR RIYADH"
1600000,VILLA,6,7,200,OTHER
1000000,FULL FLOOR,4,4,171,"AL JANADRIYAH, RIYADH, AR RIYADH"
630000,APARTMENT,4,1,116,"AL JANADRIYAH, RIYADH, AR RIYADH"
420000,APARTMENT,5,3,172,OTHER
1000000,VILLA,7,5,346,MAKKAH AL MUKARRAMAH
580000,FULL FLOOR,7,4,221,OTHER
580000,FULL FLOOR,7,4,211,OTHER
700000,FULL FLOOR,4,3,128,OTHER
480000,APARTMENT,4,4,118,OTHER
1200000,APARTMENT,2,2,120,OTHER
1150000,FULL FLOOR,4,4,315,"AL JANADRIYAH, RIYADH, AR RIYADH"
1650000,FULL FLOOR,5,4,183,"AL MUNISIYAH, RIYADH, AR RIYADH"
3300000,VILLA,6,6,383,OTHER
1850000,FULL FLOOR,3,4,186,OTHER
1450000,FULL FLOOR,3,3,156,OTHER
1650000,FULL FLOOR,3,3,172,OTHER
670000,FULL FLOOR,3,3,152,OTHER
1150000,FULL FLOOR,4,4,230,OTHER
1350000,FULL FLOOR,3,3,196,"AL MUNISIYAH, RIYADH, AR RIYADH"
830000,FULL FLOOR,3,2,147,OTHER
1350000,FULL FLOOR,4,3,165,"AL MUNISIYAH, RIYADH, AR RIYADH"
1700000,FULL FLOOR,3,3,292,"AR RIMAL, RIYADH, AR RIYADH"
1300000,FULL FLOOR,3,3,167,"AR RIMAL, RIYADH, AR RIYADH"
989000,APARTMENT,3,3,131,"AL MUNISIYAH, RIYADH, AR RIYADH"
2900000,VILLA,5,6,409,OTHER
1650000,VILLA,5,5,356,OTHER
971000,APARTMENT,3,3,134,"AL MUNISIYAH, RIYADH, AR RIYADH"
1200000,VILLA,5,6,270,OTHER
1800000,VILLA,5,6,307,"AR RIMAL, RIYADH, AR RIYADH"
950000,APARTMENT,3,3,132,"AL MUNISIYAH, RIYADH, AR RIYADH"
650000,APARTMENT,4,3,136,OTHER
750000,VILLA,7,7,366,OTHER
400000,APARTMENT,4,3,139,OTHER
650000,FULL FLOOR,5,4,220,OTHER
1600000,VILLA,7,7,304,OTHER
735000,APARTMENT,6,4,168,OTHER
1050000,FULL FLOOR,5,3,312,OTHER
930000,FULL FLOOR,5,4,287,OTHER
650000,APARTMENT,6,4,167,"AS SAFA, JEDDAH, MAKKAH AL MUKARRAMAH"
900000,FULL FLOOR,6,4,220,"TUWAIQ, RIYADH, AR RIYADH"
750000,APARTMENT,7,5,207,OTHER
500000,APARTMENT,4,3,117,OTHER
1250000,VILLA,4,1,330,OTHER
1100000,VILLA,7,7,345,", AL JUBAIL, EASTERN"
409999,APARTMENT,3,2,108,MAKKAH AL MUKARRAMAH
950000,APARTMENT,6,4,276,MAKKAH AL MUKARRAMAH
500000,APARTMENT,4,2,128,MAKKAH AL MUKARRAMAH
750000,APARTMENT,4,3,122,OTHER
650000,APARTMENT,5,4,148,OTHER
2150000,VILLA,6,5,375,OTHER
630000,APARTMENT,6,3,200,OTHER
560000,APARTMENT,7,5,178,OTHER
850000,FULL FLOOR,5,4,220,"TUWAIQ, RIYADH, AR RIYADH"
950000,FULL FLOOR,5,3,186,"TUWAIQ, RIYADH, AR RIYADH"
850000,FULL FLOOR,6,3,212,"TUWAIQ, RIYADH, AR RIYADH"
720000,APARTMENT,5,3,144,OTHER
850000,FULL FLOOR,6,4,189,"TUWAIQ, RIYADH, AR RIYADH"
570000,APARTMENT,7,5,171,OTHER
780000,APARTMENT,2,3,99,"TUWAIQ, RIYADH, AR RIYADH"
580000,APARTMENT,6,4,217,OTHER
950000,FULL FLOOR,6,4,220,"TUWAIQ, RIYADH, AR RIYADH"
510000,FULL FLOOR,3,5,181,OTHER
900000,FULL FLOOR,5,4,206,"TUWAIQ, RIYADH, AR RIYADH"
1200000,VILLA,7,7,448,OTHER
510000,FULL FLOOR,4,5,181,OTHER
2350000,VILLA,7,7,380,"AL JANADRIYAH, RIYADH, AR RIYADH"
575000,VILLA,4,5,163,OTHER
750000,FULL FLOOR,4,5,196,"AL JANADRIYAH, RIYADH, AR RIYADH"
950000,FULL FLOOR,6,3,212,"TUWAIQ, RIYADH, AR RIYADH"
575000,VILLA,4,5,162,OTHER
575000,VILLA,4,5,166,OTHER
2300000,VILLA,5,7,276,OTHER
1800000,VILLA,4,4,875,OTHER
1650000,FULL FLOOR,4,4,190,OTHER
1300000,FULL FLOOR,4,3,138,"AL MUNISIYAH, RIYADH, AR RIYADH"
1100000,FULL FLOOR,4,5,186,"AR RIMAL, RIYADH, AR RIYADH"
1000000,FULL FLOOR,3,4,165,"AL JANADRIYAH, RIYADH, AR RIYADH"
1250000,FULL FLOOR,4,5,260,"AL JANADRIYAH, RIYADH, AR RIYADH"
900000,FULL FLOOR,3,3,197,"AR RIMAL, RIYADH, AR RIYADH"
900000,APARTMENT,5,5,257,OTHER
3500000,VILLA,5,7,383,OTHER
690000,FULL FLOOR,3,3,176,OTHER
840000,APARTMENT,2,3,146,"AL JANADRIYAH, RIYADH, AR RIYADH"
570000,VILLA,4,5,167,OTHER
510000,FULL FLOOR,4,5,175,OTHER
550000,APARTMENT,5,3,198,OTHER
1400000,FULL FLOOR,7,5,800,OTHER
1465000,VILLA,7,5,317,OTHER
930000,FULL FLOOR,7,4,332,OTHER
575000,VILLA,3,5,165,OTHER
850000,FULL FLOOR,5,5,215,"AL JANADRIYAH, RIYADH, AR RIYADH"
1080000,APARTMENT,7,4,288,"AL JANADRIYAH, RIYADH, AR RIYADH"
1650000,VILLA,5,7,520,OTHER
1200000,VILLA,6,6,284,"AL JANADRIYAH, RIYADH, AR RIYADH"
1050000,APARTMENT,4,4,253,"AL JANADRIYAH, RIYADH, AR RIYADH"
1350000,FULL FLOOR,6,5,197,OTHER
900000,FULL FLOOR,5,3,255,OTHER
660000,APARTMENT,5,3,168,"AS SAFA, JEDDAH, MAKKAH AL MUKARRAMAH"
840000,APARTMENT,6,4,188,"AL JANADRIYAH, RIYADH, AR RIYADH"
810000,VILLA,7,6,319,OTHER
1200000,VILLA,6,6,269,"AL JANADRIYAH, RIYADH, AR RIYADH"
770000,APARTMENT,7,5,370,OTHER
1270000,VILLA,7,7,385,OTHER
900000,APARTMENT,3,2,116,"TUWAIQ, RIYADH, AR RIYADH"
1130000,VILLA,6,6,265,OTHER
1270000,VILLA,6,5,387,OTHER
1100000,FULL FLOOR,3,6,201,OTHER
1400000,FULL FLOOR,4,6,287,OTHER
1400000,FULL FLOOR,3,6,287,OTHER
1200000,FULL FLOOR,2,4,492,"AR RIMAL, RIYADH, AR RIYADH"
1850000,FULL FLOOR,3,3,186,OTHER
1450000,FULL FLOOR,3,2,156,OTHER
750000,APARTMENT,6,4,211,OTHER
1050000,VILLA,7,7,300,OTHER
420000,APARTMENT,4,3,123,OTHER
930000,FULL FLOOR,6,5,233,"AL JANADRIYAH, RIYADH, AR RIYADH"
740000,APARTMENT,7,4,211,OTHER
2500000,VILLA,4,6,221,"AL MUNISIYAH, RIYADH, AR RIYADH"
1650000,FULL FLOOR,4,5,203,"AL MUNISIYAH, RIYADH, AR RIYADH"
960000,VILLA,6,5,262,OTHER
770000,APARTMENT,6,5,221,OTHER
880000,FULL FLOOR,6,4,153,OTHER
950000,FULL FLOOR,7,5,257,"AL JANADRIYAH, RIYADH, AR RIYADH"
1000000,FULL FLOOR,5,4,182,"TUWAIQ, RIYADH, AR RIYADH"
900000,FULL FLOOR,5,4,166,"TUWAIQ, RIYADH, AR RIYADH"
650000,APARTMENT,5,3,214,OTHER
800000,APARTMENT,6,4,251,OTHER
1100000,FULL FLOOR,6,3,225,"TUWAIQ, RIYADH, AR RIYADH"
3300000,VILLA,7,7,383,OTHER
1650000,FULL FLOOR,3,4,172,OTHER
900000,VILLA,7,7,200,OTHER
3000000,VILLA,7,7,750,OTHER
4000000,VILLA,7,7,625,OTHER
800000,FULL FLOOR,5,3,166,"TUWAIQ, RIYADH, AR RIYADH"
770000,APARTMENT,6,5,249,OTHER
680000,APARTMENT,4,2,107,"AR RAWDAH, JEDDAH, MAKKAH AL MUKARRAMAH"
580000,APARTMENT,5,3,126,OTHER
800000,VILLA,7,6,370,MAKKAH AL MUKARRAMAH
650000,FULL FLOOR,5,3,173,OTHER
1100000,APARTMENT,4,5,206,OTHER
1200000,APARTMENT,4,3,180,"AL MUNISIYAH, RIYADH, AR RIYADH"
2200000,VILLA,5,5,276,OTHER
1000000,FULL FLOOR,4,5,271,"AL JANADRIYAH, RIYADH, AR RIYADH"
900000,APARTMENT,4,3,137,"AR RIMAL, RIYADH, AR RIYADH"
1300000,FULL FLOOR,4,5,307,"AL JANADRIYAH, RIYADH, AR RIYADH"
1550000,FULL FLOOR,4,4,206,"AL MUNISIYAH, RIYADH, AR RIYADH"
1650000,VILLA,5,6,200,OTHER
1550000,APARTMENT,4,2,230,"AR RAWDAH, JEDDAH, MAKKAH AL MUKARRAMAH"
599000,APARTMENT,4,3,875,"AS SALAMAH, JEDDAH, MAKKAH AL MUKARRAMAH"
450000,APARTMENT,4,3,750,"AS SAFA, JEDDAH, MAKKAH AL MUKARRAMAH"
1750000,VILLA,7,7,312,OTHER
740000,APARTMENT,4,3,133,"AR RAWDAH, JEDDAH, MAKKAH AL MUKARRAMAH"
650000,FULL FLOOR,6,3,146,OTHER
540000,APARTMENT,5,3,159,OTHER
1170000,APARTMENT,6,5,315,"AL JANADRIYAH, RIYADH, AR RIYADH"
850000,FULL FLOOR,6,3,180,"AL JANADRIYAH, RIYADH, AR RIYADH"
560000,FULL FLOOR,6,4,212,OTHER
560000,FULL FLOOR,6,4,213,OTHER
950000,APARTMENT,5,5,192,"AL JANADRIYAH, RIYADH, AR RIYADH"
750000,FULL FLOOR,5,3,179,OTHER
1600000,VILLA,7,7,480,OTHER
1450000,FULL FLOOR,5,4,220,OTHER
1000000,APARTMENT,5,4,186,OTHER
1070000,APARTMENT,6,4,253,"AL JANADRIYAH, RIYADH, AR RIYADH"
1300000,VILLA,7,7,300,OTHER
1110000,APARTMENT,6,4,253,"AL JANADRIYAH, RIYADH, AR RIYADH"
595000,APARTMENT,3,3,115,"AL MARWAH, JEDDAH, MAKKAH AL MUKARRAMAH"
580000,FULL FLOOR,6,4,203,OTHER
850000,VILLA,6,4,367,MAKKAH AL MUKARRAMAH
760000,APARTMENT,5,3,186,"AL JANADRIYAH, RIYADH, AR RIYADH"
1200000,FULL FLOOR,5,4,156,OTHER
1000000,FULL FLOOR,5,4,163,OTHER
560000,FULL FLOOR,6,4,210,OTHER
870000,FULL FLOOR,5,3,145,OTHER
730000,APARTMENT,5,3,130,OTHER
1550000,FULL FLOOR,3,3,175,"AL MUNISIYAH, RIYADH, AR RIYADH"
850000,APARTMENT,4,4,77,OTHER
850000,APARTMENT,4,4,76,OTHER
1200000,VILLA,7,4,332,OTHER
1050000,VILLA,7,6,389,MAKKAH AL MUKARRAMAH
665000,APARTMENT,7,5,228,OTHER
1400000,VILLA,7,7,367,OTHER
650000,APARTMENT,3,3,481,OTHER
1350000,FULL FLOOR,4,3,196,"AL MUNISIYAH, RIYADH, AR RIYADH"
1050000,APARTMENT,3,2,93,"AL MUNISIYAH, RIYADH, AR RIYADH"
1350000,VILLA,4,4,200,"AL JANADRIYAH, RIYADH, AR RIYADH"
680000,APARTMENT,6,4,234,OTHER
850000,VILLA,7,6,273,OTHER
4980000,VILLA,7,7,750,OTHER
950000,FULL FLOOR,5,4,226,"AL JANADRIYAH, RIYADH, AR RIYADH"
850000,FULL FLOOR,5,4,210,"AL JANADRIYAH, RIYADH, AR RIYADH"
560000,APARTMENT,4,3,164,OTHER
2700000,VILLA,7,7,291,OTHER
459000,APARTMENT,4,3,126,OTHER
450000,APARTMENT,3,2,78,"AL MARWAH, JEDDAH, MAKKAH AL MUKARRAMAH"
580000,FULL FLOOR,6,4,201,OTHER
1400000,FULL FLOOR,3,7,292,"AL JANADRIYAH, RIYADH, AR RIYADH"
1200000,FULL FLOOR,3,5,213,"AL JANADRIYAH, RIYADH, AR RIYADH"
800000,FULL FLOOR,4,3,208,"AL JANADRIYAH, RIYADH, AR RIYADH"
2600000,VILLA,5,7,411,OTHER
2600000,VILLA,5,7,428,OTHER
4000000,VILLA,7,5,500,OTHER
4000000,VILLA,3,3,375,OTHER
560000,FULL FLOOR,6,4,203,OTHER
560000,FULL FLOOR,5,4,210,OTHER
980000,VILLA,7,5,341,OTHER
340000,APARTMENT,3,2,98,OTHER
700000,VILLA,7,7,387,OTHER
1000000,VILLA,4,5,208,OTHER
585000,APARTMENT,5,4,160,"AS SAFA, JEDDAH, MAKKAH AL MUKARRAMAH"
530000,APARTMENT,4,3,127,OTHER
850000,APARTMENT,5,5,179,"AR RIMAL, RIYADH, AR RIYADH"
6000000,VILLA,5,7,450,OTHER
1080000,VILLA,7,6,441,OTHER
1350000,VILLA,7,7,485,OTHER
650000,APARTMENT,5,5,149,OTHER
900000,FULL FLOOR,6,4,251,OTHER
1300000,VILLA,7,6,318,OTHER
1200000,VILLA,6,5,247,OTHER
2200000,VILLA,7,7,646,OTHER
450000,APARTMENT,4,3,165,OTHER
650000,FULL FLOOR,4,3,141,OTHER
550000,APARTMENT,6,4,194,OTHER
1200000,VILLA,7,7,250,"AL JANADRIYAH, RIYADH, AR RIYADH"
850000,FULL FLOOR,5,3,169,OTHER
1350000,VILLA,7,7,234,"AL JANADRIYAH, RIYADH, AR RIYADH"
650000,FULL FLOOR,5,3,142,OTHER
870000,FULL FLOOR,6,4,183,"AL JANADRIYAH, RIYADH, AR RIYADH"
530000,APARTMENT,3,3,65,OTHER
1150000,APARTMENT,7,6,257,"AL JANADRIYAH, RIYADH, AR RIYADH"
750000,VILLA,7,6,322,OTHER
650000,APARTMENT,6,3,211,OTHER
1000000,VILLA,7,4,308,OTHER
750000,APARTMENT,4,3,114,"AR RAWDAH, JEDDAH, MAKKAH AL MUKARRAMAH"
900000,VILLA,7,5,307,OTHER
780000,APARTMENT,4,3,132,"AR RAWDAH, JEDDAH, MAKKAH AL MUKARRAMAH"
760000,APARTMENT,5,5,217,OTHER
610000,APARTMENT,6,4,184,OTHER
610000,APARTMENT,6,4,178,OTHER
1300000,VILLA,5,4,286,"AR RIMAL, RIYADH, AR RIYADH"
1450000,VILLA,7,7,300,OTHER
1200000,FULL FLOOR,3,4,196,OTHER
1500000,FULL FLOOR,4,4,213,OTHER
1180000,FULL FLOOR,3,3,173,OTHER
900000,APARTMENT,3,3,120,OTHER
740000,APARTMENT,4,3,112,"AR RAWDAH, JEDDAH, MAKKAH AL MUKARRAMAH"
1070000,APARTMENT,3,3,991,"AL MUNISIYAH, RIYADH, AR RIYADH"
1200000,FULL FLOOR,3,3,196,OTHER
630000,APARTMENT,5,3,191,OTHER
1100000,VILLA,6,4,200,"TUWAIQ, RIYADH, AR RIYADH"
649000,FULL FLOOR,6,3,176,OTHER
850000,FULL FLOOR,5,4,166,"AL JANADRIYAH, RIYADH, AR RIYADH"
435000,APARTMENT,3,3,100,OTHER
3700000,VILLA,5,6,350,"AL MUNISIYAH, RIYADH, AR RIYADH"
1000000,FULL FLOOR,6,4,241,"AL JANADRIYAH, RIYADH, AR RIYADH"
1700000,VILLA,6,7,200,OTHER
480000,VILLA,5,4,216,OTHER
1200000,APARTMENT,5,5,188,"AR RIMAL, RIYADH, AR RIYADH"
550000,APARTMENT,6,4,203,OTHER
850000,APARTMENT,4,3,176,OTHER
1300000,FULL FLOOR,2,3,492,"AR RIMAL, RIYADH, AR RIYADH"
670000,APARTMENT,4,3,133,"AL JANADRIYAH, RIYADH, AR RIYADH"
600000,APARTMENT,6,4,249,", AL JUBAIL, EASTERN"
1550000,APARTMENT,5,4,213,"AS SALAMAH, JEDDAH, MAKKAH AL MUKARRAMAH"
550000,FULL FLOOR,5,3,166,OTHER
450000,APARTMENT,4,3,149,OTHER
565000,APARTMENT,4,3,119,OTHER
1400000,APARTMENT,7,4,251,OTHER
900000,APARTMENT,2,3,109,OTHER
1700000,VILLA,7,7,390,OTHER
1150000,VILLA,7,5,401,OTHER
450000,APARTMENT,4,3,146,OTHER
760000,APARTMENT,5,3,166,OTHER
2800000,VILLA,4,2,325,"AL MUNISIYAH, RIYADH, AR RIYADH"
1800000,VILLA,6,6,300,OTHER
950000,APARTMENT,6,3,197,OTHER
770000,APARTMENT,3,3,150,"AR RIMAL, RIYADH, AR RIYADH"
1200000,VILLA,5,4,276,"AR RIMAL, RIYADH, AR RIYADH"
1100000,FULL FLOOR,4,4,201,OTHER
2200000,VILLA,5,5,275,OTHER
1400000,VILLA,4,4,287,OTHER
1750000,FULL FLOOR,5,4,222,"AL MUNISIYAH, RIYADH, AR RIYADH"
1400000,VILLA,4,5,287,OTHER
1600000,FULL FLOOR,4,4,223,"AL MUNISIYAH, RIYADH, AR RIYADH"
2200000,VILLA,5,7,275,OTHER
535000,APARTMENT,4,3,144,"AL MARWAH, JEDDAH, MAKKAH AL MUKARRAMAH"
700000,APARTMENT,4,3,136,OTHER
640000,APARTMENT,6,4,208,OTHER
460000,APARTMENT,4,3,122,OTHER
640000,APARTMENT,5,4,154,OTHER
980000,FULL FLOOR,3,2,175,OTHER
620000,APARTMENT,6,3,181,OTHER
595000,APARTMENT,5,3,163,OTHER
875000,FULL FLOOR,5,3,199,"AL MARWAH, JEDDAH, MAKKAH AL MUKARRAMAH"
1200000,VILLA,6,4,360,OTHER
1600000,VILLA,6,7,412,OTHER
2500000,VILLA,6,6,458,OTHER
1450000,VILLA,7,6,300,OTHER
1550000,VILLA,7,6,300,OTHER
1550000,VILLA,7,5,312,OTHER
960000,VILLA,5,4,312,OTHER
5350000,VILLA,7,6,402,OTHER
12000000,VILLA,7,7,875,OTHER
800000,APARTMENT,5,4,203,"AS SAFA, JEDDAH, MAKKAH AL MUKARRAMAH"
5500000,APARTMENT,2,3,217,OTHER
1350000,VILLA,7,4,272,"AL MARWAH, JEDDAH, MAKKAH AL MUKARRAMAH"
1650000,VILLA,6,7,450,OTHER
1450000,VILLA,7,6,217,"AL JANADRIYAH, RIYADH, AR RIYADH"
1370000,VILLA,7,6,245,OTHER
1350000,VILLA,7,6,250,OTHER
550000,APARTMENT,4,3,165,OTHER
1200000,FULL FLOOR,5,4,200,"AL JANADRIYAH, RIYADH, AR RIYADH"
530000,APARTMENT,3,3,107,OTHER
620000,APARTMENT,6,4,207,OTHER
530000,APARTMENT,4,3,128,"AS SAFA, JEDDAH, MAKKAH AL MUKARRAMAH"
780000,APARTMENT,7,4,242,OTHER
500000,APARTMENT,4,3,156,OTHER
1000000,FULL FLOOR,4,4,271,"AL JANADRIYAH, RIYADH, AR RIYADH"
1250000,FULL FLOOR,4,4,205,OTHER
2100000,VILLA,5,5,328,"AR RIMAL, RIYADH, AR RIYADH"
2300000,VILLA,5,6,318,OTHER
1350000,FULL FLOOR,3,3,165,"AL MUNISIYAH, RIYADH, AR RIYADH"
1000000,FULL FLOOR,3,3,155,"AR RIMAL, RIYADH, AR RIYADH"
1400000,VILLA,4,6,287,OTHER
1100000,FULL FLOOR,4,4,184,OTHER
1000000,FULL FLOOR,4,4,192,OTHER
399000,APARTMENT,3,2,421,OTHER
620000,APARTMENT,5,3,159,OTHER
900000,VILLA,6,5,235,OTHER
620000,APARTMENT,6,3,211,OTHER
650000,APARTMENT,4,3,184,OTHER
950000,FULL FLOOR,7,4,600,OTHER
660000,APARTMENT,4,3,164,OTHER
700000,APARTMENT,4,4,171,"AS SAFA, JEDDAH, MAKKAH AL MUKARRAMAH"
850000,APARTMENT,6,5,226,OTHER
540000,APARTMENT,5,4,171,OTHER
580000,APARTMENT,3,3,100,OTHER
1850000,FULL FLOOR,4,4,4980,OTHER
3200000,VILLA,6,6,4980,OTHER
575000,APARTMENT,5,3,170,OTHER
480000,APARTMENT,3,3,145,OTHER
1200000,VILLA,7,5,396,OTHER
900000,FULL FLOOR,6,4,182,OTHER
410000,APARTMENT,3,2,108,MAKKAH AL MUKARRAMAH
620000,APARTMENT,6,5,225,OTHER
950000,APARTMENT,7,4,421,OTHER
650000,APARTMENT,5,3,200,OTHER
630000,APARTMENT,6,4,214,OTHER
540000,APARTMENT,4,3,130,"AS SAFA, JEDDAH, MAKKAH AL MUKARRAMAH"
550000,APARTMENT,6,3,203,OTHER
1150000,VILLA,6,6,200,OTHER
1100000,VILLA,6,5,200,OTHER
550000,APARTMENT,6,3,203,OTHER
490000,APARTMENT,4,3,132,OTHER
1030000,VILLA,6,5,165,OTHER
550000,FULL FLOOR,7,4,202,OTHER
1600000,FULL FLOOR,4,4,690,OTHER
900000,APARTMENT,3,3,121,OTHER
1250000,FULL FLOOR,4,4,190,OTHER
1350000,FULL FLOOR,3,4,165,"AL MUNISIYAH, RIYADH, AR RIYADH"
1200000,APARTMENT,3,3,167,"AL MUNISIYAH, RIYADH, AR RIYADH"
1650000,FULL FLOOR,4,3,4980,OTHER
1600000,VILLA,5,4,283,"AR RIMAL, RIYADH, AR RIYADH"
710000,APARTMENT,3,3,132,"AR RIMAL, RIYADH, AR RIYADH"
850000,APARTMENT,4,3,179,"AL JANADRIYAH, RIYADH, AR RIYADH"
1850000,FULL FLOOR,4,3,4980,OTHER
850000,FULL FLOOR,3,4,493,OTHER
1500000,VILLA,4,4,206,"AR RIMAL, RIYADH, AR RIYADH"
1550000,FULL FLOOR,3,4,93,"AL MUNISIYAH, RIYADH, AR RIYADH"
2300000,VILLA,5,7,318,OTHER
700000,APARTMENT,4,3,118,"AR RIMAL, RIYADH, AR RIYADH"
650000,FULL FLOOR,5,3,182,OTHER
600000,APARTMENT,6,3,210,OTHER
800000,FULL FLOOR,5,3,155,"AR RIMAL, RIYADH, AR RIYADH"
980000,FULL FLOOR,5,3,168,"AR RIMAL, RIYADH, AR RIYADH"
980000,FULL FLOOR,6,3,168,"AR RIMAL, RIYADH, AR RIYADH"
750000,FULL FLOOR,6,3,240,OTHER
530000,APARTMENT,4,2,147,OTHER
700000,FULL FLOOR,6,3,240,OTHER
590000,APARTMENT,4,3,126,"AS SALAMAH, JEDDAH, MAKKAH AL MUKARRAMAH"
490000,APARTMENT,5,3,124,OTHER
660000,APARTMENT,4,2,120,MAKKAH AL MUKARRAMAH
1100000,FULL FLOOR,6,3,203,OTHER
560000,APARTMENT,5,3,161,OTHER
550000,APARTMENT,5,3,198,OTHER
560000,APARTMENT,4,3,164,OTHER
700000,FULL FLOOR,6,4,238,OTHER
800000,FULL FLOOR,4,4,147,"AR RIMAL, RIYADH, AR RIYADH"
620000,APARTMENT,5,4,158,OTHER
800000,VILLA,7,6,600,OTHER
750000,APARTMENT,5,3,136,OTHER
490000,APARTMENT,4,3,187,OTHER
820000,APARTMENT,6,5,226,OTHER
670000,APARTMENT,4,3,131,"AS SALAMAH, JEDDAH, MAKKAH AL MUKARRAMAH"
500000,APARTMENT,6,4,210,OTHER
590000,APARTMENT,3,3,126,"AS SALAMAH, JEDDAH, MAKKAH AL MUKARRAMAH"
700000,FULL FLOOR,6,4,217,OTHER
970000,FULL FLOOR,5,3,210,"AL JANADRIYAH, RIYADH, AR RIYADH"
620000,APARTMENT,6,3,158,OTHER
500000,APARTMENT,7,4,234,OTHER
1000000,VILLA,7,6,250,OTHER
1450000,VILLA,7,6,384,OTHER
880000,APARTMENT,4,4,140,OTHER
590000,FULL FLOOR,7,4,202,OTHER
900000,FULL FLOOR,6,4,183,"AL JANADRIYAH, RIYADH, AR RIYADH"
530000,APARTMENT,5,4,203,", AL JUBAIL, EASTERN"
2800000,VILLA,6,6,650,OTHER
640000,APARTMENT,5,4,201,OTHER
650000,APARTMENT,4,4,77,"AL JANADRIYAH, RIYADH, AR RIYADH"
650000,APARTMENT,6,5,277,OTHER
900000,VILLA,7,5,369,MAKKAH AL MUKARRAMAH
620000,APARTMENT,4,4,142,OTHER
700000,FULL FLOOR,7,4,284,OTHER
460000,FULL FLOOR,4,3,320,OTHER
750000,APARTMENT,1,1,44,OTHER
1100000,APARTMENT,5,4,213,"AR RIMAL, RIYADH, AR RIYADH"
1080000,APARTMENT,6,4,240,"AL JANADRIYAH, RIYADH, AR RIYADH"
850000,APARTMENT,6,5,205,"AL JANADRIYAH, RIYADH, AR RIYADH"
580000,APARTMENT,6,4,236,OTHER
489000,APARTMENT,4,3,135,"AS SAFA, JEDDAH, MAKKAH AL MUKARRAMAH"
410000,APARTMENT,4,2,128,MAKKAH AL MUKARRAMAH
1050000,VILLA,6,4,323,OTHER
900000,FULL FLOOR,5,4,168,"TUWAIQ, RIYADH, AR RIYADH"
550000,APARTMENT,5,4,224,OTHER
1050000,VILLA,7,5,405,MAKKAH AL MUKARRAMAH
630000,APARTMENT,5,4,175,"AL MARWAH, JEDDAH, MAKKAH AL MUKARRAMAH"
625000,APARTMENT,4,3,120,OTHER
460000,APARTMENT,3,4,113,OTHER
930000,FULL FLOOR,5,4,179,"AL JANADRIYAH, RIYADH, AR RIYADH"
600000,APARTMENT,5,3,202,OTHER
680000,VILLA,7,5,343,MAKKAH AL MUKARRAMAH
1050000,FULL FLOOR,4,4,139,OTHER
770000,FULL FLOOR,4,3,170,"AL JANADRIYAH, RIYADH, AR RIYADH"
420000,APARTMENT,4,3,127,OTHER
1300000,FULL FLOOR,5,3,303,"AL JANADRIYAH, RIYADH, AR RIYADH"
950000,VILLA,6,4,280,OTHER
630000,APARTMENT,5,4,172,"AS SAFA, JEDDAH, MAKKAH AL MUKARRAMAH"
750000,APARTMENT,7,6,335,OTHER
870000,VILLA,7,6,326,MAKKAH AL MUKARRAMAH
950000,APARTMENT,4,3,160,"AS SALAMAH, JEDDAH, MAKKAH AL MUKARRAMAH"
1490000,VILLA,7,7,393,OTHER
580000,APARTMENT,4,3,132,OTHER
590000,APARTMENT,3,3,124,"AS SALAMAH, JEDDAH, MAKKAH AL MUKARRAMAH"
800000,FULL FLOOR,6,4,199,"AL JANADRIYAH, RIYADH, AR RIYADH"
770000,VILLA,7,4,252,MAKKAH AL MUKARRAMAH
900000,FULL FLOOR,5,4,185,"AL JANADRIYAH, RIYADH, AR RIYADH"
800000,FULL FLOOR,5,4,174,"AL JANADRIYAH, RIYADH, AR RIYADH"
620000,APARTMENT,4,2,140,OTHER
560000,APARTMENT,4,3,126,"AS SALAMAH, JEDDAH, MAKKAH AL MUKARRAMAH"
820000,VILLA,7,6,320,OTHER
880000,FULL FLOOR,6,5,312,OTHER
625000,APARTMENT,5,4,172,"AS SAFA, JEDDAH, MAKKAH AL MUKARRAMAH"
650000,APARTMENT,6,6,349,OTHER
600000,APARTMENT,4,4,134,OTHER
950000,FULL FLOOR,5,5,215,"AL JANADRIYAH, RIYADH, AR RIYADH"
560000,APARTMENT,4,4,135,OTHER
700000,APARTMENT,4,3,104,"AL JANADRIYAH, RIYADH, AR RIYADH"
1400000,APARTMENT,7,7,186,"AL MUNISIYAH, RIYADH, AR RIYADH"
700000,VILLA,7,5,500,OTHER
690000,APARTMENT,4,3,159,OTHER
610000,APARTMENT,4,4,133,OTHER
950000,VILLA,7,5,323,OTHER
500000,APARTMENT,6,4,210,OTHER
600000,APARTMENT,5,3,195,OTHER
1150000,VILLA,6,5,288,"AL JANADRIYAH, RIYADH, AR RIYADH"
800000,FULL FLOOR,5,4,166,"AL JANADRIYAH, RIYADH, AR RIYADH"
1150000,VILLA,6,6,288,"AL JANADRIYAH, RIYADH, AR RIYADH"
630000,APARTMENT,4,3,179,OTHER
1450000,VILLA,7,7,300,OTHER
900000,VILLA,6,5,235,OTHER
1100000,FULL FLOOR,5,4,168,"TUWAIQ, RIYADH, AR RIYADH"
560000,APARTMENT,5,3,164,OTHER
720000,APARTMENT,5,3,130,OTHER
730000,APARTMENT,5,3,130,"AR RAWDAH, JEDDAH, MAKKAH AL MUKARRAMAH"
650000,APARTMENT,5,4,164,OTHER
740000,APARTMENT,4,3,117,"AR RAWDAH, JEDDAH, MAKKAH AL MUKARRAMAH"
1200000,APARTMENT,3,2,98,OTHER
770000,APARTMENT,6,6,241,OTHER
1100000,APARTMENT,3,3,152,OTHER
580000,APARTMENT,4,4,174,OTHER
450000,APARTMENT,4,3,126,OTHER
680000,APARTMENT,5,3,136,"AS SALAMAH, JEDDAH, MAKKAH AL MUKARRAMAH"
900000,APARTMENT,5,3,158,OTHER
900000,APARTMENT,5,3,176,OTHER
650000,APARTMENT,3,2,124,"AS SALAMAH, JEDDAH, MAKKAH AL MUKARRAMAH"
1450000,FULL FLOOR,4,4,252,OTHER
1250000,FULL FLOOR,3,4,189,OTHER
1200000,FULL FLOOR,3,3,209,OTHER
2400000,VILLA,6,7,300,OTHER
1040000,APARTMENT,5,4,176,"AR RAWDAH, JEDDAH, MAKKAH AL MUKARRAMAH"
680000,APARTMENT,5,4,188,OTHER
1200000,APARTMENT,5,4,177,OTHER
1050000,FULL FLOOR,3,4,168,OTHER
1250000,FULL FLOOR,4,4,159,"AL MUNISIYAH, RIYADH, AR RIYADH"
750000,APARTMENT,4,4,148,"AS SALAMAH, JEDDAH, MAKKAH AL MUKARRAMAH"
1100000,FULL FLOOR,5,3,166,OTHER
1100000,VILLA,6,7,200,OTHER
800000,FULL FLOOR,3,3,212,OTHER
660000,FULL FLOOR,3,3,190,OTHER
3200000,VILLA,4,7,383,OTHER
1050000,APARTMENT,3,4,172,OTHER
1100000,FULL FLOOR,4,4,165,OTHER
1050000,FULL FLOOR,3,4,139,OTHER
2300000,VILLA,5,5,420,OTHER
1400000,FULL FLOOR,6,4,453,OTHER
590000,APARTMENT,4,4,163,OTHER
500000,APARTMENT,3,3,124,OTHER
480000,APARTMENT,3,3,103,OTHER
880000,APARTMENT,3,5,175,"AS SAFA, JEDDAH, MAKKAH AL MUKARRAMAH"
590000,APARTMENT,4,3,132,OTHER
1400000,FULL FLOOR,5,5,305,OTHER
1500000,FULL FLOOR,4,5,234,OTHER
2750000,VILLA,5,6,317,OTHER
900000,APARTMENT,3,4,121,OTHER
1700000,VILLA,7,6,225,"AR RIMAL, RIYADH, AR RIYADH"
1175000,VILLA,7,6,451,MAKKAH AL MUKARRAMAH
1900000,VILLA,7,7,276,OTHER
485000,APARTMENT,4,3,132,"AS SAFA, JEDDAH, MAKKAH AL MUKARRAMAH"
1000000,FULL FLOOR,3,4,155,"AR RIMAL, RIYADH, AR RIYADH"
1350000,APARTMENT,4,4,437,"AL MUNISIYAH, RIYADH, AR RIYADH"
1450000,FULL FLOOR,4,4,360,OTHER
1100000,FULL FLOOR,3,3,131,"AL MUNISIYAH, RIYADH, AR RIYADH"
860000,APARTMENT,4,4,184,"AR RIMAL, RIYADH, AR RIYADH"
1100000,FULL FLOOR,4,4,570,OTHER
1250000,FULL FLOOR,4,3,190,OTHER
700000,FULL FLOOR,5,4,480,OTHER
3500000,VILLA,7,7,728,OTHER
1200000,APARTMENT,6,5,247,"AS SAFA, JEDDAH, MAKKAH AL MUKARRAMAH"
1500000,VILLA,7,5,465,OTHER
600000,APARTMENT,3,3,159,OTHER
425000,APARTMENT,2,2,152,OTHER
360000,APARTMENT,2,2,138,OTHER
550000,APARTMENT,3,3,183,OTHER
620000,APARTMENT,3,2,111,"AS SALAMAH, JEDDAH, MAKKAH AL MUKARRAMAH"
950000,VILLA,7,6,200,OTHER
750000,APARTMENT,3,3,157,"AR RIMAL, RIYADH, AR RIYADH"
1300000,FULL FLOOR,4,4,189,OTHER
620000,APARTMENT,4,3,136,OTHER
610000,APARTMENT,4,3,137,OTHER
650000,FULL FLOOR,6,4,217,OTHER
610000,APARTMENT,4,3,142,OTHER
670000,FULL FLOOR,7,5,213,OTHER
1150000,VILLA,7,6,400,MAKKAH AL MUKARRAMAH
1460000,APARTMENT,6,3,198,OTHER
1350000,APARTMENT,4,3,437,"AL MUNISIYAH, RIYADH, AR RIYADH"
1500000,FULL FLOOR,4,4,234,OTHER
2750000,VILLA,5,7,317,OTHER
750000,APARTMENT,6,3,205,OTHER
550000,APARTMENT,5,4,211,", AL JUBAIL, EASTERN"
1250000,VILLA,7,6,448,OTHER
1700000,VILLA,7,6,625,OTHER
750000,FULL FLOOR,6,3,255,OTHER
2400000,VILLA,7,6,420,OTHER
1100000,FULL FLOOR,4,3,570,OTHER
1400000,VILLA,4,4,560,"AL MUNISIYAH, RIYADH, AR RIYADH"
2900000,VILLA,5,6,370,"AL MUNISIYAH, RIYADH, AR RIYADH"
2500000,VILLA,5,6,355,OTHER
1350000,FULL FLOOR,3,3,141,"AL MUNISIYAH, RIYADH, AR RIYADH"
1000000,APARTMENT,3,3,124,OTHER
1850000,VILLA,5,5,405,OTHER
1200000,FULL FLOOR,4,4,241,"AR RIMAL, RIYADH, AR RIYADH"
1500000,FULL FLOOR,4,3,234,OTHER
1750000,VILLA,5,4,405,OTHER
2400000,VILLA,6,5,343,"AR RIMAL, RIYADH, AR RIYADH"
900000,APARTMENT,3,3,137,"AR RIMAL, RIYADH, AR RIYADH"
930000,APARTMENT,4,3,143,OTHER
1400000,FULL FLOOR,4,3,117,"AL MUNISIYAH, RIYADH, AR RIYADH"
630000,APARTMENT,4,3,111,"AS SALAMAH, JEDDAH, MAKKAH AL MUKARRAMAH"
720000,FULL FLOOR,5,3,222,OTHER
600000,APARTMENT,3,3,104,OTHER
580000,APARTMENT,3,3,135,OTHER
600000,FULL FLOOR,5,3,195,OTHER
1350000,VILLA,7,7,299,OTHER
1100000,VILLA,7,4,275,OTHER
1400000,FULL FLOOR,4,3,141,"AL MUNISIYAH, RIYADH, AR RIYADH"
740000,APARTMENT,5,3,130,OTHER
1350000,VILLA,7,7,300,OTHER
650000,APARTMENT,5,4,280,OTHER
740000,APARTMENT,2,1,50,OTHER
690000,VILLA,6,6,233,OTHER
580000,FULL FLOOR,6,4,226,OTHER
1450000,FULL FLOOR,4,3,131,"AL MUNISIYAH, RIYADH, AR RIYADH"
580000,APARTMENT,3,3,100,OTHER
4500000,VILLA,4,5,307,OTHER
1400000,APARTMENT,3,3,178,OTHER
470000,APARTMENT,4,2,112,"AL MARWAH, JEDDAH, MAKKAH AL MUKARRAMAH"
1100000,FULL FLOOR,6,5,349,OTHER
700000,APARTMENT,4,4,129,OTHER
1460000,APARTMENT,5,3,199,OTHER
580000,APARTMENT,5,5,211,OTHER
990000,VILLA,7,5,341,OTHER
700000,APARTMENT,5,4,160,"AL MARWAH, JEDDAH, MAKKAH AL MUKARRAMAH"
600000,APARTMENT,6,5,228,OTHER
1350000,VILLA,7,7,300,OTHER
7000000,VILLA,7,7,1026,OTHER
930000,APARTMENT,5,3,248,OTHER
790000,APARTMENT,5,4,235,OTHER
900000,FULL FLOOR,3,2,154,"AR RIMAL, RIYADH, AR RIYADH"
920000,FULL FLOOR,4,3,177,OTHER
560000,APARTMENT,3,4,141,OTHER
1750000,VILLA,5,5,405,OTHER
2400000,VILLA,6,6,343,"AR RIMAL, RIYADH, AR RIYADH"
730000,APARTMENT,4,3,114,"AR RAWDAH, JEDDAH, MAKKAH AL MUKARRAMAH"
830000,FULL FLOOR,4,4,134,"AR RIMAL, RIYADH, AR RIYADH"
1200000,VILLA,7,7,300,OTHER
540000,APARTMENT,4,4,126,"AL MARWAH, JEDDAH, MAKKAH AL MUKARRAMAH"
900000,APARTMENT,5,5,203,"AL MARWAH, JEDDAH, MAKKAH AL MUKARRAMAH"
430000,APARTMENT,5,3,168,OTHER
780000,VILLA,6,4,262,OTHER
550000,APARTMENT,3,4,141,OTHER
830000,FULL FLOOR,4,3,134,"AR RIMAL, RIYADH, AR RIYADH"
740000,APARTMENT,5,3,166,OTHER
970000,VILLA,7,6,200,OTHER
1460000,VILLA,7,6,300,"AL JANADRIYAH, RIYADH, AR RIYADH"
750000,APARTMENT,7,6,321,OTHER
900000,FULL FLOOR,3,4,154,"AR RIMAL, RIYADH, AR RIYADH"
560000,APARTMENT,4,3,137,OTHER
1150000,FULL FLOOR,7,4,198,"TUWAIQ, RIYADH, AR RIYADH"
1300000,FULL FLOOR,6,4,209,"AR RIMAL, RIYADH, AR RIYADH"
655000,FULL FLOOR,6,4,217,OTHER
680000,APARTMENT,2,2,89,"AR RIMAL, RIYADH, AR RIYADH"
1400000,VILLA,4,5,560,"AL MUNISIYAH, RIYADH, AR RIYADH"
750000,APARTMENT,5,4,177,OTHER
550000,APARTMENT,6,4,208,OTHER
550000,APARTMENT,5,3,186,OTHER
630000,APARTMENT,4,3,168,OTHER
550000,APARTMENT,5,3,178,OTHER
420000,APARTMENT,3,2,103,OTHER
530000,APARTMENT,5,4,203,OTHER
500000,APARTMENT,4,2,123,OTHER
660000,FULL FLOOR,6,4,216,OTHER
1050000,VILLA,7,7,250,OTHER
630000,APARTMENT,6,4,186,OTHER
650000,FULL FLOOR,6,3,217,OTHER
900000,VILLA,7,6,342,OTHER
630000,APARTMENT,7,6,344,OTHER
480000,APARTMENT,4,3,121,OTHER
850000,VILLA,7,7,578,OTHER
1450000,VILLA,7,7,332,OTHER
900000,FULL FLOOR,7,5,344,OTHER
950000,FULL FLOOR,5,3,425,OTHER
1350000,FULL FLOOR,5,4,420,OTHER
1400000,VILLA,7,7,312,OTHER
1250000,VILLA,7,4,536,OTHER
1200000,FULL FLOOR,6,3,420,OTHER
370000,APARTMENT,3,3,119,OTHER
400000,APARTMENT,4,3,164,OTHER
400000,APARTMENT,4,3,152,OTHER
540000,APARTMENT,4,4,193,OTHER
900000,FULL FLOOR,4,3,300,OTHER
1160000,VILLA,7,6,400,OTHER
719000,APARTMENT,6,4,166,OTHER
820000,APARTMENT,5,4,238,OTHER
560000,APARTMENT,5,3,175,OTHER
2500000,VILLA,7,7,300,OTHER
1350000,VILLA,6,5,528,OTHER
1200000,VILLA,7,6,286,OTHER
790000,APARTMENT,5,4,238,OTHER
820000,APARTMENT,5,4,218,OTHER
740000,APARTMENT,4,3,143,"AS SALAMAH, JEDDAH, MAKKAH AL MUKARRAMAH"
740000,APARTMENT,4,3,130,"AS SALAMAH, JEDDAH, MAKKAH AL MUKARRAMAH"
1200000,VILLA,7,7,286,OTHER
790000,APARTMENT,5,4,218,OTHER
630000,APARTMENT,7,5,225,OTHER
750000,APARTMENT,4,4,141,"AS SALAMAH, JEDDAH, MAKKAH AL MUKARRAMAH"
1200000,VILLA,5,6,414,OTHER
1050000,VILLA,7,7,250,OTHER
580000,APARTMENT,4,3,134,OTHER
710000,APARTMENT,6,3,167,OTHER
2400000,VILLA,7,7,362,OTHER
470000,APARTMENT,5,4,198,OTHER
1400000,VILLA,7,7,300,OTHER
840000,VILLA,7,5,369,MAKKAH AL MUKARRAMAH
690000,APARTMENT,4,3,152,OTHER
1000000,APARTMENT,4,2,148,OTHER
1650000,VILLA,6,5,200,OTHER
550000,APARTMENT,3,2,123,OTHER
2900000,VILLA,7,7,345,OTHER
920000,APARTMENT,5,4,177,OTHER
1500000,VILLA,7,6,295,OTHER
680000,APARTMENT,5,5,188,"AS SAFA, JEDDAH, MAKKAH AL MUKARRAMAH"
2400000,VILLA,7,5,420,OTHER
1400000,FULL FLOOR,4,3,393,OTHER
700000,APARTMENT,7,5,281,OTHER
400000,APARTMENT,4,3,138,OTHER
1400000,FULL FLOOR,4,4,185,"AL MUNISIYAH, RIYADH, AR RIYADH"
1750000,VILLA,5,6,225,"AR RIMAL, RIYADH, AR RIYADH"
1400000,FULL FLOOR,4,4,393,OTHER
1450000,VILLA,5,4,660,"AR RIMAL, RIYADH, AR RIYADH"
1050000,APARTMENT,4,3,165,OTHER
3200000,VILLA,6,7,4980,OTHER
800000,APARTMENT,3,3,393,OTHER
1750000,VILLA,5,3,225,"AR RIMAL, RIYADH, AR RIYADH"
855000,APARTMENT,4,3,1578,OTHER
2500000,VILLA,7,7,300,OTHER
750000,VILLA,7,7,366,OTHER
1850000,VILLA,7,6,322,OTHER
1400000,FULL FLOOR,4,3,185,"AL MUNISIYAH, RIYADH, AR RIYADH"
2600000,VILLA,5,5,250,OTHER
1450000,VILLA,5,5,660,"AR RIMAL, RIYADH, AR RIYADH"
2000000,VILLA,6,7,276,OTHER
410000,APARTMENT,4,3,149,OTHER
1000000,APARTMENT,4,4,162,"AS SALAMAH, JEDDAH, MAKKAH AL MUKARRAMAH"
400000,APARTMENT,4,3,148,OTHER
700000,APARTMENT,5,4,182,OTHER
1150000,FULL FLOOR,5,4,315,OTHER
850000,APARTMENT,5,4,186,OTHER
750000,APARTMENT,5,4,165,OTHER
800000,FULL FLOOR,4,3,500,OTHER
770000,APARTMENT,4,4,140,"AS SALAMAH, JEDDAH, MAKKAH AL MUKARRAMAH"
1350000,VILLA,7,7,275,OTHER
1450000,VILLA,5,3,660,"AR RIMAL, RIYADH, AR RIYADH"
670000,VILLA,7,5,240,OTHER
850000,FULL FLOOR,5,4,300,OTHER
820000,VILLA,7,6,343,OTHER
480000,APARTMENT,4,4,171,OTHER
1800000,VILLA,7,6,300,OTHER
370000,APARTMENT,3,3,122,OTHER
1100000,FULL FLOOR,5,4,148,"AR RIMAL, RIYADH, AR RIYADH"
2200000,VILLA,7,7,368,OTHER
380000,APARTMENT,3,3,122,OTHER
7000000,VILLA,6,5,714,OTHER
6000000,VILLA,4,7,375,OTHER
1200000,VILLA,6,6,435,OTHER
2300000,VILLA,7,7,367,OTHER
1200000,VILLA,7,7,345,OTHER
480000,APARTMENT,4,4,169,OTHER
2300000,VILLA,7,7,368,OTHER
2200000,VILLA,7,7,367,OTHER
850000,FULL FLOOR,4,2,300,"AR RIMAL, RIYADH, AR RIYADH"
1795000,APARTMENT,3,3,1508,OTHER
1950000,APARTMENT,3,3,164,OTHER
800000,APARTMENT,5,3,229,OTHER
1700000,VILLA,7,7,735,OTHER
2650000,VILLA,7,7,466,OTHER
700000,APARTMENT,3,2,300,"AR RIMAL, RIYADH, AR RIYADH"
1000000,FULL FLOOR,5,3,344,OTHER
810000,VILLA,7,5,250,OTHER
650000,APARTMENT,5,3,205,OTHER
620000,APARTMENT,6,4,2400,OTHER
1450000,VILLA,7,7,375,OTHER
2300000,VILLA,6,7,462,OTHER
1630000,APARTMENT,3,3,972,OTHER
1070000,APARTMENT,5,4,203,OTHER
600000,FULL FLOOR,6,4,523,OTHER
1300000,APARTMENT,4,3,112,OTHER
520000,APARTMENT,5,4,192,OTHER
1050000,VILLA,7,7,449,OTHER
2650000,VILLA,7,7,472,OTHER
1300000,APARTMENT,4,3,113,OTHER
2200000,APARTMENT,7,7,751,OTHER
1630000,APARTMENT,3,3,1508,OTHER
900000,APARTMENT,6,4,188,OTHER
700000,APARTMENT,3,3,117,OTHER
750000,VILLA,7,6,341,MAKKAH AL MUKARRAMAH
550000,APARTMENT,6,4,187,OTHER
550000,APARTMENT,5,4,150,"AS SAFA, JEDDAH, MAKKAH AL MUKARRAMAH"
720000,VILLA,7,5,500,OTHER
1100000,VILLA,5,5,387,OTHER
900000,VILLA,6,6,293,", AL JUBAIL, EASTERN"
985000,VILLA,7,6,389,", AL JUBAIL, EASTERN"
1300000,VILLA,6,7,347,OTHER
540000,APARTMENT,6,4,214,OTHER
430000,APARTMENT,4,3,101,OTHER
550000,APARTMENT,5,3,162,", AL JUBAIL, EASTERN"
500000,APARTMENT,5,3,176,OTHER
850000,VILLA,6,6,302,", AL JUBAIL, EASTERN"
750000,APARTMENT,3,2,1490,OTHER
1000000,FULL FLOOR,5,2,312,"AR RIMAL, RIYADH, AR RIYADH"
650000,APARTMENT,6,3,213,OTHER
620000,APARTMENT,5,3,193,OTHER
680000,APARTMENT,6,4,205,", AL JUBAIL, EASTERN"
800000,FULL FLOOR,5,4,640,OTHER
640000,APARTMENT,6,3,201,OTHER
420000,APARTMENT,5,3,171,", AL JUBAIL, EASTERN"
1000000,VILLA,7,6,336,OTHER
620000,APARTMENT,6,3,211,OTHER
760000,FULL FLOOR,3,3,181,OTHER
713720,APARTMENT,4,4,164,OTHER
520000,APARTMENT,4,3,119,OTHER
700000,APARTMENT,6,4,198,", AL JUBAIL, EASTERN"
650000,APARTMENT,6,3,201,OTHER
900000,FULL FLOOR,4,3,312,"AR RIMAL, RIYADH, AR RIYADH"
620000,APARTMENT,6,3,211,OTHER
1210000,VILLA,7,7,468,OTHER
2000000,VILLA,7,7,275,"AR RIMAL, RIYADH, AR RIYADH"
690000,APARTMENT,5,3,165,OTHER
700000,APARTMENT,6,4,225,", AL JUBAIL, EASTERN"
1000000,FULL FLOOR,4,5,346,OTHER
900000,VILLA,6,6,302,", AL JUBAIL, EASTERN"
550000,APARTMENT,6,4,226,OTHER
500000,APARTMENT,4,3,123,OTHER
520000,VILLA,7,5,229,OTHER
1150000,VILLA,5,5,400,OTHER
680000,VILLA,7,6,274,MAKKAH AL MUKARRAMAH
980000,FULL FLOOR,5,3,312,OTHER
630000,APARTMENT,6,4,273,", AL JUBAIL, EASTERN"
500000,APARTMENT,5,3,170,OTHER
7500000,VILLA,7,7,750,OTHER
500000,APARTMENT,4,3,186,OTHER
620000,APARTMENT,5,3,155,OTHER
550000,FULL FLOOR,6,4,219,OTHER
650000,APARTMENT,4,3,148,OTHER
550000,APARTMENT,4,3,159,OTHER
2100000,VILLA,7,7,300,OTHER
550000,APARTMENT,4,3,210,OTHER
650000,APARTMENT,4,3,157,OTHER
1070000,VILLA,7,7,276,OTHER
650000,APARTMENT,6,4,214,OTHER
900000,APARTMENT,4,3,235,OTHER
600000,APARTMENT,6,3,211,OTHER
1200000,VILLA,7,4,475,OTHER
630000,APARTMENT,5,3,185,OTHER
450000,APARTMENT,4,3,179,OTHER
600000,APARTMENT,6,2,173,OTHER
980000,FULL FLOOR,5,4,312,OTHER
710000,APARTMENT,5,3,210,OTHER
600000,APARTMENT,4,4,161,OTHER
480000,APARTMENT,5,4,187,", AL JUBAIL, EASTERN"
870000,APARTMENT,4,3,136,OTHER
1050000,VILLA,5,6,210,OTHER
360000,APARTMENT,4,3,122,OTHER
995000,APARTMENT,4,5,330,OTHER
6000000,VILLA,7,7,700,OTHER
650000,APARTMENT,4,3,163,OTHER
590000,APARTMENT,7,4,256,OTHER
1200000,FULL FLOOR,3,4,193,OTHER
1750000,VILLA,7,6,225,"AR RIMAL, RIYADH, AR RIYADH"
1250000,APARTMENT,5,5,220,"AR RIMAL, RIYADH, AR RIYADH"
600000,APARTMENT,4,4,158,"AS SAFA, JEDDAH, MAKKAH AL MUKARRAMAH"
620000,APARTMENT,3,3,111,OTHER
540000,APARTMENT,5,4,171,OTHER
650000,FULL FLOOR,6,5,525,OTHER
2200000,VILLA,7,7,312,OTHER
1000000,VILLA,7,6,248,OTHER
550000,APARTMENT,5,3,208,OTHER
450000,APARTMENT,4,3,149,OTHER
500000,APARTMENT,5,3,200,OTHER
560000,APARTMENT,5,4,171,OTHER
400000,APARTMENT,4,3,133,OTHER
680000,APARTMENT,6,5,208,OTHER
1950000,VILLA,7,7,241,OTHER
2500000,VILLA,7,7,543,OTHER
2250000,VILLA,7,6,400,OTHER
500000,APARTMENT,2,2,312,"AR RIMAL, RIYADH, AR RIYADH"
1200000,VILLA,7,7,509,OTHER
730000,VILLA,5,4,263,OTHER
14000000,VILLA,7,7,2535,OTHER
980000,VILLA,7,7,275,OTHER
1300000,VILLA,7,7,515,OTHER
1300000,FULL FLOOR,5,4,177,OTHER
1200000,VILLA,7,6,436,MAKKAH AL MUKARRAMAH
600000,APARTMENT,7,4,266,OTHER
750000,APARTMENT,5,4,196,OTHER
700000,APARTMENT,5,3,235,OTHER
600000,APARTMENT,5,3,237,OTHER
890000,FULL FLOOR,4,3,312,"AR RIMAL, RIYADH, AR RIYADH"
830000,APARTMENT,7,4,348,OTHER
1210000,VILLA,7,7,468,OTHER
570000,APARTMENT,5,4,171,OTHER
1150000,VILLA,6,5,311,OTHER
420000,APARTMENT,4,3,133,OTHER
1700000,APARTMENT,2,3,142,OTHER
1089000,VILLA,7,7,313,OTHER
870000,VILLA,5,5,262,MAKKAH AL MUKARRAMAH
480000,APARTMENT,4,3,165,OTHER
1500000,VILLA,4,7,381,OTHER
880000,VILLA,7,6,321,OTHER
1300000,VILLA,7,6,300,OTHER
509000,APARTMENT,3,3,529,"AR RAWDAH, JEDDAH, MAKKAH AL MUKARRAMAH"
400000,APARTMENT,5,2,157,OTHER
1150000,VILLA,7,6,380,OTHER
470000,APARTMENT,4,3,128,OTHER
700000,APARTMENT,5,5,279,OTHER
680000,APARTMENT,4,4,195,OTHER
650000,APARTMENT,6,3,209,OTHER
980000,APARTMENT,5,5,229,OTHER
420000,APARTMENT,4,3,137,OTHER
600000,APARTMENT,6,4,237,", AL JUBAIL, EASTERN"
2100000,VILLA,7,7,262,OTHER
625000,APARTMENT,4,4,138,"AS SAFA, JEDDAH, MAKKAH AL MUKARRAMAH"
420000,APARTMENT,4,3,194,OTHER
1029000,APARTMENT,3,3,160,OTHER
650000,APARTMENT,6,4,260,", AL JUBAIL, EASTERN"
1030000,APARTMENT,2,3,130,OTHER
840000,VILLA,7,6,276,OTHER
780000,APARTMENT,6,4,215,OTHER
700000,APARTMENT,5,3,249,OTHER
950000,FULL FLOOR,6,3,562,MAKKAH AL MUKARRAMAH
770000,VILLA,7,5,366,OTHER
1400000,VILLA,7,6,275,OTHER
500000,APARTMENT,5,3,182,MAKKAH AL MUKARRAMAH
600000,APARTMENT,4,3,148,OTHER
670000,APARTMENT,5,4,195,OTHER
1900000,VILLA,7,7,300,OTHER
1200000,VILLA,5,5,367,OTHER
450000,APARTMENT,3,3,133,OTHER
1000000,VILLA,7,6,480,OTHER
1050000,VILLA,7,7,402,MAKKAH AL MUKARRAMAH
720000,VILLA,7,5,227,OTHER
640000,VILLA,5,5,269,OTHER
1015000,VILLA,7,7,346,OTHER
650000,FULL FLOOR,6,6,217,OTHER
1035000,VILLA,7,7,346,OTHER
1250000,VILLA,7,7,465,OTHER
3500000,VILLA,3,5,200,OTHER
1450000,VILLA,7,6,275,OTHER
880000,FULL FLOOR,6,4,503,MAKKAH AL MUKARRAMAH
570000,APARTMENT,5,4,192,OTHER
400000,APARTMENT,5,3,157,OTHER
1350000,VILLA,5,5,395,OTHER
560000,FULL FLOOR,3,3,187,OTHER
1700000,VILLA,6,6,312,OTHER
700000,FULL FLOOR,7,4,216,MAKKAH AL MUKARRAMAH
510000,APARTMENT,4,3,187,OTHER
1160000,FULL FLOOR,5,3,375,OTHER
520000,APARTMENT,4,3,121,OTHER
1200000,VILLA,7,7,300,OTHER
2200000,APARTMENT,3,4,241,OTHER
1150000,VILLA,7,6,300,OTHER
750000,VILLA,7,5,304,MAKKAH AL MUKARRAMAH
900000,VILLA,7,6,300,OTHER
480000,APARTMENT,4,3,168,OTHER
999000,APARTMENT,3,3,152,OTHER
470000,APARTMENT,4,2,134,OTHER
1250000,APARTMENT,6,5,290,OTHER
1850000,FULL FLOOR,5,4,200,OTHER
490000,APARTMENT,6,3,199,OTHER
2500000,VILLA,7,5,450,OTHER
3400000,VILLA,7,6,375,OTHER
650000,APARTMENT,4,2,100,MAKKAH AL MUKARRAMAH
2800000,VILLA,7,6,300,OTHER
455000,APARTMENT,3,2,99,OTHER
480000,APARTMENT,4,2,148,OTHER
1395000,APARTMENT,3,3,129,OTHER
720000,APARTMENT,4,4,144,OTHER
1800000,VILLA,7,6,285,OTHER
550000,APARTMENT,6,4,233,OTHER
755000,APARTMENT,4,3,150,OTHER
1050000,FULL FLOOR,3,3,168,OTHER
730000,FULL FLOOR,5,3,145,OTHER
1150000,VILLA,7,5,280,OTHER
1800000,VILLA,7,7,312,OTHER
850000,FULL FLOOR,6,3,312,OTHER
680000,APARTMENT,6,4,187,OTHER
1200000,FULL FLOOR,6,4,414,OTHER
555000,APARTMENT,4,3,155,OTHER
450000,APARTMENT,4,3,174,", AL JUBAIL, EASTERN"
740000,FULL FLOOR,5,3,179,OTHER
630000,APARTMENT,5,3,160,"AS SAFA, JEDDAH, MAKKAH AL MUKARRAMAH"
850000,FULL FLOOR,6,4,279,OTHER
1400000,VILLA,7,6,273,OTHER
780000,APARTMENT,5,4,211,MAKKAH AL MUKARRAMAH
970000,FULL FLOOR,5,3,375,OTHER
1650000,FULL FLOOR,3,4,252,OTHER
1000000,FULL FLOOR,5,3,159,OTHER
1280000,VILLA,7,5,400,OTHER
1200000,FULL FLOOR,7,5,414,OTHER
1100000,VILLA,7,6,448,OTHER
600000,FULL FLOOR,5,3,190,OTHER
2000000,VILLA,7,7,325,OTHER
540000,APARTMENT,4,4,142,"AS SAFA, JEDDAH, MAKKAH AL MUKARRAMAH"
1070000,VILLA,7,7,429,OTHER
1900000,VILLA,7,7,587,OTHER
1050000,VILLA,7,7,348,MAKKAH AL MUKARRAMAH
1300000,APARTMENT,3,2,100,OTHER
950000,APARTMENT,5,4,173,"AR RAWDAH, JEDDAH, MAKKAH AL MUKARRAMAH"
1700000,APARTMENT,5,4,220,OTHER
450000,APARTMENT,5,3,181,OTHER
1300000,APARTMENT,5,4,200,"AR RAWDAH, JEDDAH, MAKKAH AL MUKARRAMAH"
550000,APARTMENT,5,4,173,OTHER
1900000,VILLA,7,7,350,"AL JANADRIYAH, RIYADH, AR RIYADH"
695000,VILLA,7,6,269,OTHER
1350000,FULL FLOOR,6,3,185,"AL MUNISIYAH, RIYADH, AR RIYADH"
1950000,VILLA,7,7,381,OTHER
810000,APARTMENT,6,5,219,OTHER
1050000,APARTMENT,4,4,153,"AS SALAMAH, JEDDAH, MAKKAH AL MUKARRAMAH"
1100000,VILLA,7,6,464,OTHER
1300000,VILLA,7,7,300,"TUWAIQ, RIYADH, AR RIYADH"
480000,APARTMENT,4,3,128,OTHER
1450000,FULL FLOOR,5,4,405,OTHER
1500000,APARTMENT,3,3,241,OTHER
500000,APARTMENT,4,3,128,"AS SAFA, JEDDAH, MAKKAH AL MUKARRAMAH"
3300000,VILLA,4,6,390,OTHER
600000,APARTMENT,4,3,156,OTHER
530000,APARTMENT,4,3,185,OTHER
4500000,VILLA,7,7,500,OTHER
650000,FULL FLOOR,6,4,500,OTHER
700000,VILLA,6,5,249,OTHER
1300000,VILLA,6,7,250,OTHER
720000,APARTMENT,4,3,147,OTHER
2400000,VILLA,5,6,300,OTHER
630000,APARTMENT,6,4,158,OTHER
640000,APARTMENT,7,5,218,OTHER
1500000,VILLA,7,7,437,OTHER
1150000,APARTMENT,3,3,124,OTHER
830000,VILLA,7,5,254,OTHER
2500000,VILLA,5,5,450,OTHER
550000,APARTMENT,3,2,190,OTHER
1000000,VILLA,7,7,200,OTHER
715000,APARTMENT,4,5,229,OTHER
1200000,FULL FLOOR,5,4,300,OTHER
1800000,APARTMENT,4,4,197,OTHER
620000,FULL FLOOR,5,3,166,OTHER
695000,APARTMENT,5,5,185,"AS SAFA, JEDDAH, MAKKAH AL MUKARRAMAH"
735000,APARTMENT,4,5,235,OTHER
1080000,FULL FLOOR,5,4,312,OTHER
690000,APARTMENT,4,3,154,OTHER
720000,APARTMENT,5,3,201,OTHER
1400000,VILLA,7,7,210,OTHER
590000,APARTMENT,4,3,139,"AL MARWAH, JEDDAH, MAKKAH AL MUKARRAMAH"
840000,VILLA,7,7,363,OTHER
1200000,FULL FLOOR,3,3,242,OTHER
690000,APARTMENT,4,5,223,OTHER
620000,APARTMENT,5,4,262,", AL JUBAIL, EASTERN"
600000,APARTMENT,4,4,138,"AS SAFA, JEDDAH, MAKKAH AL MUKARRAMAH"
1070000,VILLA,7,6,330,OTHER
3600000,VILLA,3,4,900,OTHER
930000,APARTMENT,6,5,251,OTHER
430000,APARTMENT,4,4,159,OTHER
670000,APARTMENT,4,3,131,OTHER
460000,APARTMENT,4,4,165,OTHER
605000,APARTMENT,6,4,255,", AL JUBAIL, EASTERN"
1300000,FULL FLOOR,5,4,200,"AR RAWDAH, JEDDAH, MAKKAH AL MUKARRAMAH"
500000,APARTMENT,6,3,205,OTHER
740000,FULL FLOOR,5,3,177,OTHER
750000,APARTMENT,7,6,356,OTHER
1300000,APARTMENT,3,3,143,OTHER
2450000,VILLA,7,6,466,OTHER
580000,APARTMENT,5,3,131,OTHER
580000,FULL FLOOR,6,4,223,OTHER
1100000,FULL FLOOR,4,4,131,"AL MUNISIYAH, RIYADH, AR RIYADH"
3850000,VILLA,6,6,345,OTHER
1150000,VILLA,7,7,462,OTHER
660000,APARTMENT,4,3,163,OTHER
680000,APARTMENT,5,3,182,OTHER
1250000,VILLA,7,7,464,OTHER
630000,APARTMENT,5,3,168,OTHER
1000000,VILLA,7,5,388,OTHER
950000,FULL FLOOR,6,4,457,MAKKAH AL MUKARRAMAH
630000,APARTMENT,6,4,260,MAKKAH AL MUKARRAMAH
790000,APARTMENT,6,5,215,OTHER
980000,APARTMENT,3,2,124,OTHER
800000,FULL FLOOR,6,3,169,"AR RIMAL, RIYADH, AR RIYADH"
1200000,VILLA,7,6,300,OTHER
650000,APARTMENT,4,2,132,MAKKAH AL MUKARRAMAH
550000,APARTMENT,6,4,306,OTHER
900000,APARTMENT,3,3,121,OTHER
880000,FULL FLOOR,6,4,297,OTHER
1150000,VILLA,7,6,388,MAKKAH AL MUKARRAMAH
580000,APARTMENT,6,4,255,", AL JUBAIL, EASTERN"
1700000,APARTMENT,4,3,191,OTHER
3000000,VILLA,7,7,375,OTHER
1350000,VILLA,6,4,330,"AR RIMAL, RIYADH, AR RIYADH"
550000,APARTMENT,5,4,208,OTHER
980000,VILLA,7,6,200,OTHER
311000,APARTMENT,1,1,62,OTHER
620000,APARTMENT,7,5,235,OTHER
1130000,APARTMENT,6,5,245,OTHER
565000,APARTMENT,4,3,129,OTHER
1100000,VILLA,7,7,250,OTHER
1450000,VILLA,7,3,450,OTHER
570000,APARTMENT,5,4,167,OTHER
2500000,VILLA,7,7,768,OTHER
700000,FULL FLOOR,7,4,227,MAKKAH AL MUKARRAMAH
1100000,VILLA,6,6,362,OTHER
3000000,VILLA,7,6,487,OTHER
550000,APARTMENT,3,2,114,OTHER
1350000,VILLA,7,7,330,OTHER
1250000,VILLA,7,7,341,OTHER
430000,APARTMENT,5,3,181,OTHER
490000,APARTMENT,4,3,135,OTHER
1000000,VILLA,6,5,312,OTHER
1550000,VILLA,7,6,550,OTHER
1100000,APARTMENT,5,4,186,OTHER
450000,APARTMENT,4,3,166,OTHER
1150000,APARTMENT,6,6,266,OTHER
1350000,VILLA,7,7,465,OTHER
470000,APARTMENT,3,4,133,OTHER
935000,APARTMENT,4,3,131,OTHER
750000,APARTMENT,5,4,188,OTHER
595000,APARTMENT,4,4,138,"AS SAFA, JEDDAH, MAKKAH AL MUKARRAMAH"
615000,APARTMENT,5,4,176,OTHER
1406570,APARTMENT,3,3,742,OTHER
550000,APARTMENT,5,4,197,OTHER
700000,VILLA,6,5,360,OTHER
530000,APARTMENT,4,3,126,"AL MARWAH, JEDDAH, MAKKAH AL MUKARRAMAH"
1050000,VILLA,6,5,341,MAKKAH AL MUKARRAMAH
1150000,VILLA,6,5,427,OTHER
600000,APARTMENT,5,3,161,OTHER
900000,FULL FLOOR,6,3,312,OTHER
1050000,APARTMENT,4,3,153,OTHER
420000,APARTMENT,4,3,206,OTHER
860000,APARTMENT,6,4,203,OTHER
1050000,APARTMENT,4,4,156,"AS SALAMAH, JEDDAH, MAKKAH AL MUKARRAMAH"
1200000,VILLA,7,6,300,OTHER
690000,APARTMENT,5,3,186,OTHER
950000,FULL FLOOR,5,3,156,OTHER
950000,FULL FLOOR,4,4,146,"AR RIMAL, RIYADH, AR RIYADH"
855000,FULL FLOOR,6,3,166,OTHER
530000,APARTMENT,5,3,160,"AL MARWAH, JEDDAH, MAKKAH AL MUKARRAMAH"
580000,FULL FLOOR,7,5,210,OTHER
900000,FULL FLOOR,5,4,192,"TUWAIQ, RIYADH, AR RIYADH"
560000,APARTMENT,6,4,214,OTHER
520000,APARTMENT,4,2,85,OTHER
630000,FULL FLOOR,6,5,244,OTHER
800000,VILLA,7,6,352,MAKKAH AL MUKARRAMAH
1550000,VILLA,7,7,435,OTHER
580000,FULL FLOOR,7,5,210,OTHER
650000,APARTMENT,5,3,163,"AL JANADRIYAH, RIYADH, AR RIYADH"
1600000,VILLA,7,7,492,"AL JANADRIYAH, RIYADH, AR RIYADH"
580000,APARTMENT,7,4,199,OTHER
1050000,VILLA,7,6,462,OTHER
1001540,APARTMENT,4,3,1,OTHER
600000,APARTMENT,5,3,193,OTHER
925000,APARTMENT,4,4,162,OTHER
700000,APARTMENT,3,3,118,"AL JANADRIYAH, RIYADH, AR RIYADH"
720000,FULL FLOOR,4,3,161,OTHER
900000,FULL FLOOR,5,5,200,"AL JANADRIYAH, RIYADH, AR RIYADH"
660000,APARTMENT,4,3,176,MAKKAH AL MUKARRAMAH
730000,FULL FLOOR,5,3,180,OTHER
680000,APARTMENT,5,4,243,MAKKAH AL MUKARRAMAH
650000,FULL FLOOR,5,3,125,OTHER
1100000,APARTMENT,6,4,192,"AS SALAMAH, JEDDAH, MAKKAH AL MUKARRAMAH"
850000,FULL FLOOR,6,4,220,"TUWAIQ, RIYADH, AR RIYADH"
900000,FULL FLOOR,7,3,167,OTHER
830000,APARTMENT,7,7,445,OTHER
720000,FULL FLOOR,5,5,208,"AL JANADRIYAH, RIYADH, AR RIYADH"
450000,APARTMENT,4,3,96,OTHER
1650000,FULL FLOOR,6,4,230,"AR RIMAL, RIYADH, AR RIYADH"
1500000,VILLA,6,5,319,OTHER
970000,APARTMENT,7,6,321,OTHER
760000,APARTMENT,5,5,217,OTHER
560000,APARTMENT,4,5,145,OTHER
540000,APARTMENT,3,3,137,OTHER
960000,APARTMENT,7,5,239,OTHER
1000000,VILLA,7,6,379,MAKKAH AL MUKARRAMAH
720000,VILLA,7,5,303,MAKKAH AL MUKARRAMAH
650000,APARTMENT,4,3,154,OTHER
550000,APARTMENT,4,3,127,OTHER
870000,VILLA,7,6,334,OTHER
560000,APARTMENT,5,3,179,OTHER
510000,APARTMENT,4,3,130,OTHER
1750000,VILLA,4,7,354,OTHER
615000,APARTMENT,5,3,172,OTHER
600000,APARTMENT,6,4,217,OTHER
1800000,VILLA,7,6,362,OTHER
630000,APARTMENT,4,4,157,OTHER
850000,APARTMENT,5,5,213,OTHER
660000,FULL FLOOR,7,5,450,OTHER
1680000,VILLA,7,6,225,"AR RIMAL, RIYADH, AR RIYADH"
730000,FULL FLOOR,6,3,176,"AL JANADRIYAH, RIYADH, AR RIYADH"
900000,FULL FLOOR,6,4,168,"TUWAIQ, RIYADH, AR RIYADH"
1450000,FULL FLOOR,5,4,130,"AL MUNISIYAH, RIYADH, AR RIYADH"
1070000,VILLA,7,5,494,OTHER
580000,APARTMENT,5,4,167,OTHER
1530000,VILLA,6,6,390,OTHER
520000,APARTMENT,4,4,139,"AS SAFA, JEDDAH, MAKKAH AL MUKARRAMAH"
570000,APARTMENT,3,3,112,"AL JANADRIYAH, RIYADH, AR RIYADH"
480000,APARTMENT,4,3,135,"AS SAFA, JEDDAH, MAKKAH AL MUKARRAMAH"
670000,APARTMENT,4,3,159,OTHER
1150000,VILLA,7,7,390,OTHER
950000,FULL FLOOR,6,5,246,"AL JANADRIYAH, RIYADH, AR RIYADH"
770000,VILLA,7,5,265,MAKKAH AL MUKARRAMAH
925000,VILLA,6,7,320,OTHER
560000,APARTMENT,4,4,128,OTHER
780000,APARTMENT,6,3,208,OTHER
700000,APARTMENT,6,4,243,OTHER
980000,APARTMENT,4,5,242,"AL JANADRIYAH, RIYADH, AR RIYADH"
830000,APARTMENT,5,5,182,OTHER
1250000,VILLA,7,6,300,OTHER
560000,APARTMENT,7,4,221,OTHER
1030000,VILLA,7,6,225,OTHER
600000,APARTMENT,6,3,195,OTHER
750000,APARTMENT,4,3,137,"AS SALAMAH, JEDDAH, MAKKAH AL MUKARRAMAH"
400000,APARTMENT,4,3,132,OTHER
650000,APARTMENT,4,3,810,OTHER
1380000,VILLA,7,7,300,OTHER
1100000,APARTMENT,4,3,153,"AL MUNISIYAH, RIYADH, AR RIYADH"
800000,VILLA,7,6,222,OTHER
1250000,VILLA,7,5,298,OTHER
480000,APARTMENT,4,4,171,OTHER
750000,APARTMENT,6,5,219,OTHER
700000,APARTMENT,4,2,141,OTHER
700000,APARTMENT,4,3,149,OTHER
850000,APARTMENT,5,4,195,OTHER
915000,VILLA,7,5,250,OTHER
1230000,VILLA,7,7,285,OTHER
480000,APARTMENT,5,4,205,", AL JUBAIL, EASTERN"
1500000,APARTMENT,4,4,216,"AL MUNISIYAH, RIYADH, AR RIYADH"
650000,FULL FLOOR,7,4,218,OTHER
650000,APARTMENT,5,3,195,OTHER
700000,APARTMENT,4,3,156,OTHER
680000,APARTMENT,5,4,184,OTHER
1000000,VILLA,7,6,460,OTHER
750000,APARTMENT,5,4,220,OTHER
1250000,VILLA,7,7,342,OTHER
830000,APARTMENT,6,5,219,OTHER
1150000,VILLA,6,5,427,OTHER
940000,APARTMENT,3,3,162,OTHER
730000,APARTMENT,5,3,172,OTHER
2000000,VILLA,5,6,270,"AL MUNISIYAH, RIYADH, AR RIYADH"
1100000,VILLA,7,7,400,OTHER
800000,APARTMENT,3,3,200,OTHER
650000,APARTMENT,6,4,212,OTHER
650000,APARTMENT,5,3,191,OTHER
790000,APARTMENT,4,3,169,OTHER
800000,APARTMENT,3,3,187,OTHER
760000,APARTMENT,7,4,217,OTHER
1250000,FULL FLOOR,3,3,265,OTHER
550000,APARTMENT,5,3,189,OTHER
1250000,VILLA,7,5,320,OTHER
1100000,APARTMENT,3,3,142,OTHER
1000000,APARTMENT,3,3,170,OTHER
1850000,VILLA,5,5,200,"AL MUNISIYAH, RIYADH, AR RIYADH"
520000,APARTMENT,5,4,186,OTHER
1050000,FULL FLOOR,3,4,209,OTHER
1950000,VILLA,4,5,250,OTHER
780000,APARTMENT,3,3,192,OTHER
520000,APARTMENT,5,4,173,OTHER
840000,APARTMENT,7,4,252,OTHER
4650000,VILLA,6,7,750,OTHER
3500000,VILLA,6,6,560,OTHER
1500000,APARTMENT,5,3,109,OTHER
480000,APARTMENT,5,3,157,OTHER
1250000,VILLA,6,6,250,OTHER
1100000,APARTMENT,5,3,148,"AL MUNISIYAH, RIYADH, AR RIYADH"
2300000,VILLA,3,4,252,OTHER
680000,APARTMENT,5,3,183,OTHER
480000,APARTMENT,5,3,216,OTHER
1300000,VILLA,7,6,431,OTHER
700000,VILLA,7,4,187,OTHER
850000,APARTMENT,7,4,268,OTHER
2500000,VILLA,7,6,600,OTHER
560000,APARTMENT,5,3,122,"AL MARWAH, JEDDAH, MAKKAH AL MUKARRAMAH"
1030000,APARTMENT,6,7,248,"TUWAIQ, RIYADH, AR RIYADH"
1080000,APARTMENT,7,7,277,"TUWAIQ, RIYADH, AR RIYADH"
3400000,VILLA,5,5,625,OTHER
770000,VILLA,6,5,214,OTHER
670000,APARTMENT,5,4,158,OTHER
600000,APARTMENT,5,3,169,OTHER
825000,APARTMENT,5,4,166,OTHER
600000,APARTMENT,6,3,169,OTHER
820000,APARTMENT,7,4,268,OTHER
1250000,APARTMENT,6,5,235,OTHER
980000,VILLA,5,5,200,OTHER
665000,APARTMENT,6,3,222,MAKKAH AL MUKARRAMAH
2200000,VILLA,7,7,625,OTHER
990000,APARTMENT,7,5,376,MAKKAH AL MUKARRAMAH
550000,APARTMENT,7,4,207,OTHER
1100000,APARTMENT,6,5,282,"AL JANADRIYAH, RIYADH, AR RIYADH"
1650000,VILLA,5,7,200,OTHER
11625000,VILLA,4,7,750,OTHER
750000,APARTMENT,7,7,345,OTHER
550000,APARTMENT,5,3,197,OTHER
550000,APARTMENT,7,5,273,OTHER
550000,APARTMENT,6,4,214,OTHER
680000,APARTMENT,6,4,176,OTHER
850000,APARTMENT,4,3,127,"TUWAIQ, RIYADH, AR RIYADH"
600000,APARTMENT,4,3,90,OTHER
850000,APARTMENT,5,3,158,"AR RIMAL, RIYADH, AR RIYADH"
800000,APARTMENT,5,5,179,"AR RIMAL, RIYADH, AR RIYADH"
760000,APARTMENT,5,3,205,"AL JANADRIYAH, RIYADH, AR RIYADH"
450000,APARTMENT,5,4,213,OTHER
730000,APARTMENT,3,3,121,OTHER
500000,APARTMENT,6,4,214,", AL JUBAIL, EASTERN"
1080000,APARTMENT,6,4,142,"AL MUNISIYAH, RIYADH, AR RIYADH"
760000,APARTMENT,6,3,265,"AL MARWAH, JEDDAH, MAKKAH AL MUKARRAMAH"
1350000,VILLA,7,6,200,"TUWAIQ, RIYADH, AR RIYADH"
1090000,APARTMENT,4,4,146,"AL MUNISIYAH, RIYADH, AR RIYADH"
750000,APARTMENT,5,3,205,"AL JANADRIYAH, RIYADH, AR RIYADH"
520000,APARTMENT,5,4,171,OTHER
1000000,VILLA,7,6,377,MAKKAH AL MUKARRAMAH
1000000,VILLA,7,5,265,"TUWAIQ, RIYADH, AR RIYADH"
1000000,VILLA,7,5,269,"TUWAIQ, RIYADH, AR RIYADH"
1010000,VILLA,7,7,200,OTHER
980000,VILLA,7,5,250,OTHER
680000,APARTMENT,6,4,188,OTHER
2500000,VILLA,6,5,345,OTHER
5300000,VILLA,4,5,375,OTHER
650000,APARTMENT,5,4,207,OTHER
930000,VILLA,7,6,469,OTHER
950000,APARTMENT,7,4,252,OTHER
1950000,FULL FLOOR,5,4,192,OTHER
1750000,APARTMENT,5,4,216,OTHER
1950000,APARTMENT,5,4,192,OTHER
800000,VILLA,7,3,323,OTHER
3000000,VILLA,7,7,625,OTHER
600000,APARTMENT,5,4,157,"AS SAFA, JEDDAH, MAKKAH AL MUKARRAMAH"
695000,VILLA,6,4,171,OTHER
3500000,VILLA,6,7,780,OTHER
1170000,VILLA,7,5,400,OTHER
820000,VILLA,6,6,243,OTHER
660000,APARTMENT,6,4,264,MAKKAH AL MUKARRAMAH
950000,VILLA,7,6,503,OTHER
320000,APARTMENT,2,2,98,OTHER
550000,APARTMENT,6,4,251,OTHER
3100000,VILLA,7,7,312,OTHER
1400000,APARTMENT,7,5,227,OTHER
1150000,VILLA,7,6,312,OTHER
670000,APARTMENT,7,4,257,MAKKAH AL MUKARRAMAH
1300000,APARTMENT,5,5,168,"AL MUNISIYAH, RIYADH, AR RIYADH"
1200000,VILLA,7,7,350,OTHER
550000,APARTMENT,6,4,228,OTHER
550000,APARTMENT,6,3,160,OTHER
610000,APARTMENT,6,6,229,OTHER
550000,APARTMENT,6,4,276,OTHER
950000,APARTMENT,5,4,120,"AL MUNISIYAH, RIYADH, AR RIYADH"
600000,APARTMENT,5,3,189,MAKKAH AL MUKARRAMAH
319000,APARTMENT,2,2,92,OTHER
670000,APARTMENT,7,4,236,MAKKAH AL MUKARRAMAH
1100000,APARTMENT,7,5,268,"AL JANADRIYAH, RIYADH, AR RIYADH"
610000,APARTMENT,7,3,238,MAKKAH AL MUKARRAMAH
610000,APARTMENT,7,3,245,MAKKAH AL MUKARRAMAH
780000,APARTMENT,3,2,116,"TUWAIQ, RIYADH, AR RIYADH"
620000,APARTMENT,6,4,264,MAKKAH AL MUKARRAMAH
590000,APARTMENT,5,3,162,OTHER
900000,APARTMENT,4,5,141,"AR RAWDAH, JEDDAH, MAKKAH AL MUKARRAMAH"
7000000,VILLA,7,7,810,OTHER
800000,APARTMENT,6,5,193,OTHER
610000,APARTMENT,7,3,228,MAKKAH AL MUKARRAMAH
630000,APARTMENT,6,4,293,OTHER
800000,APARTMENT,4,3,146,"AR RAWDAH, JEDDAH, MAKKAH AL MUKARRAMAH"
550000,APARTMENT,3,4,160,OTHER
720000,VILLA,7,5,288,MAKKAH AL MUKARRAMAH
950000,VILLA,7,7,200,OTHER
780000,VILLA,7,6,356,MAKKAH AL MUKARRAMAH
660000,APARTMENT,5,3,198,MAKKAH AL MUKARRAMAH
1350000,VILLA,7,6,200,"TUWAIQ, RIYADH, AR RIYADH"
950000,VILLA,7,7,200,OTHER
800000,APARTMENT,6,3,255,MAKKAH AL MUKARRAMAH
790000,VILLA,7,6,352,MAKKAH AL MUKARRAMAH
500000,APARTMENT,5,3,194,OTHER
319000,APARTMENT,2,2,90,OTHER
780000,VILLA,7,6,373,MAKKAH AL MUKARRAMAH
740000,VILLA,7,5,371,MAKKAH AL MUKARRAMAH
500000,APARTMENT,5,3,177,OTHER
2500000,VILLA,7,7,250,OTHER
500000,APARTMENT,5,3,180,OTHER
2400000,VILLA,5,6,250,OTHER
3650000,VILLA,5,5,324,"AL MUNISIYAH, RIYADH, AR RIYADH"
4350000,VILLA,5,5,371,"AL MUNISIYAH, RIYADH, AR RIYADH"
1900000,VILLA,5,4,315,OTHER
1450000,FULL FLOOR,3,5,236,OTHER
860000,APARTMENT,5,3,129,"AL MUNISIYAH, RIYADH, AR RIYADH"
650000,APARTMENT,7,4,277,OTHER
985000,APARTMENT,5,3,146,"AL MUNISIYAH, RIYADH, AR RIYADH"
950000,APARTMENT,5,4,167,"AR RAWDAH, JEDDAH, MAKKAH AL MUKARRAMAH"
480000,APARTMENT,4,3,115,OTHER
700000,APARTMENT,7,5,257,OTHER
990000,APARTMENT,5,4,156,OTHER
780000,APARTMENT,5,3,177,OTHER
460000,APARTMENT,5,3,118,OTHER
990000,APARTMENT,5,3,137,OTHER
600000,APARTMENT,3,3,115,OTHER
780000,APARTMENT,5,3,163,OTHER
450000,APARTMENT,3,3,82,OTHER
1050000,APARTMENT,6,5,261,"AS SAFA, JEDDAH, MAKKAH AL MUKARRAMAH"
890000,VILLA,7,4,386,OTHER
500000,APARTMENT,5,3,171,OTHER
1250000,VILLA,5,5,208,OTHER
600000,APARTMENT,7,5,292,OTHER
570000,APARTMENT,7,4,255,", AL JUBAIL, EASTERN"
1100000,APARTMENT,6,4,185,"AS SALAMAH, JEDDAH, MAKKAH AL MUKARRAMAH"
780000,VILLA,7,6,361,MAKKAH AL MUKARRAMAH
900000,APARTMENT,5,4,182,"AS SALAMAH, JEDDAH, MAKKAH AL MUKARRAMAH"
1150000,VILLA,7,6,298,OTHER
690000,APARTMENT,5,3,167,OTHER
570000,APARTMENT,7,5,172,OTHER
840000,APARTMENT,6,4,225,"AL JANADRIYAH, RIYADH, AR RIYADH"
1350000,APARTMENT,6,3,165,"AL MUNISIYAH, RIYADH, AR RIYADH"
2400000,VILLA,7,7,343,"AR RIMAL, RIYADH, AR RIYADH"
450000,APARTMENT,6,3,216,OTHER
1030000,VILLA,7,5,263,"TUWAIQ, RIYADH, AR RIYADH"
750000,VILLA,7,4,299,MAKKAH AL MUKARRAMAH
575000,APARTMENT,5,3,198,OTHER
950000,APARTMENT,6,5,205,"AL JANADRIYAH, RIYADH, AR RIYADH"
370000,APARTMENT,5,3,208,OTHER
1100000,APARTMENT,6,5,236,"AL JANADRIYAH, RIYADH, AR RIYADH"
815000,APARTMENT,6,4,165,"AS SALAMAH, JEDDAH, MAKKAH AL MUKARRAMAH"
1050000,VILLA,7,7,381,OTHER
1400000,VILLA,7,5,319,"TUWAIQ, RIYADH, AR RIYADH"
730000,APARTMENT,5,4,151,"AR RAWDAH, JEDDAH, MAKKAH AL MUKARRAMAH"
2700000,VILLA,7,7,455,OTHER
5700000,VILLA,6,5,405,OTHER
1150000,VILLA,6,7,300,OTHER
700000,APARTMENT,5,4,122,"TUWAIQ, RIYADH, AR RIYADH"
1100000,APARTMENT,6,5,240,"AL JANADRIYAH, RIYADH, AR RIYADH"
850000,APARTMENT,5,5,242,"AL JANADRIYAH, RIYADH, AR RIYADH"
740000,APARTMENT,6,4,211,OTHER
595000,APARTMENT,5,5,220,OTHER
410000,APARTMENT,5,3,136,OTHER
450000,APARTMENT,6,4,209,MAKKAH AL MUKARRAMAH
590000,APARTMENT,6,6,229,OTHER
1030000,VILLA,7,5,265,"TUWAIQ, RIYADH, AR RIYADH"
770000,APARTMENT,6,5,219,OTHER
850000,VILLA,7,5,262,OTHER
850000,VILLA,7,5,252,OTHER
410000,APARTMENT,5,3,148,OTHER
3500000,VILLA,5,6,576,OTHER
400000,APARTMENT,3,2,79,OTHER
1150000,APARTMENT,4,4,155,"AR RAWDAH, JEDDAH, MAKKAH AL MUKARRAMAH"
1350000,FULL FLOOR,7,6,203,"AR RAWDAH, JEDDAH, MAKKAH AL MUKARRAMAH"
880000,APARTMENT,6,5,224,OTHER
700000,APARTMENT,5,3,162,"AL JANADRIYAH, RIYADH, AR RIYADH"
510000,APARTMENT,5,4,160,OTHER
580000,APARTMENT,5,3,160,OTHER
465000,APARTMENT,5,3,126,OTHER
1500000,APARTMENT,4,3,175,OTHER
500000,APARTMENT,4,3,125,OTHER
1000000,VILLA,7,6,261,OTHER
1200000,VILLA,7,5,288,"AL JANADRIYAH, RIYADH, AR RIYADH"
900000,APARTMENT,4,2,105,"TUWAIQ, RIYADH, AR RIYADH"
550000,APARTMENT,6,3,149,OTHER
700000,APARTMENT,6,4,230,OTHER
7000000,VILLA,7,7,475,OTHER
850000,VILLA,7,7,203,OTHER
3400000,VILLA,4,5,325,OTHER
510000,APARTMENT,5,4,157,OTHER
850000,VILLA,6,6,203,OTHER
580000,APARTMENT,5,4,148,OTHER
580000,APARTMENT,5,4,135,OTHER
730000,APARTMENT,6,3,164,"AL JANADRIYAH, RIYADH, AR RIYADH"
800000,APARTMENT,5,3,158,"AR RIMAL, RIYADH, AR RIYADH"
1700000,APARTMENT,4,4,164,OTHER
545000,APARTMENT,6,4,190,OTHER
690000,APARTMENT,5,3,148,"AS SALAMAH, JEDDAH, MAKKAH AL MUKARRAMAH"
1500000,APARTMENT,5,5,219,OTHER
1500000,VILLA,7,7,450,OTHER
700000,APARTMENT,5,3,183,OTHER
1200000,VILLA,7,7,360,OTHER
540000,APARTMENT,6,4,149,", AL JUBAIL, EASTERN"
2200000,VILLA,6,7,343,OTHER
700000,APARTMENT,5,3,219,OTHER
980000,APARTMENT,5,6,251,"AL JANADRIYAH, RIYADH, AR RIYADH"
450000,APARTMENT,4,3,151,OTHER
4300000,VILLA,6,7,301,"AR RAWDAH, JEDDAH, MAKKAH AL MUKARRAMAH"
1250000,APARTMENT,4,4,193,"AR RAWDAH, JEDDAH, MAKKAH AL MUKARRAMAH"
1450000,VILLA,7,6,200,"TUWAIQ, RIYADH, AR RIYADH"
3200000,VILLA,6,4,345,OTHER
1100000,VILLA,7,6,600,OTHER
2000000,VILLA,7,7,400,OTHER
950000,APARTMENT,5,4,171,"AR RIMAL, RIYADH, AR RIYADH"
1500000,VILLA,7,6,312,OTHER
2100000,VILLA,7,7,400,OTHER
585000,APARTMENT,5,4,158,"AS SAFA, JEDDAH, MAKKAH AL MUKARRAMAH"
900000,APARTMENT,5,5,179,"AR RIMAL, RIYADH, AR RIYADH"
1050000,VILLA,6,5,353,MAKKAH AL MUKARRAMAH
850000,VILLA,7,7,230,OTHER
585000,APARTMENT,6,3,158,OTHER
425000,APARTMENT,5,3,136,OTHER
1580000,VILLA,7,6,200,OTHER
650000,APARTMENT,5,4,188,"AS SAFA, JEDDAH, MAKKAH AL MUKARRAMAH"
3200000,VILLA,5,7,459,OTHER
620000,APARTMENT,5,3,193,OTHER
530000,APARTMENT,5,4,182,OTHER
660000,APARTMENT,5,3,198,OTHER
600000,APARTMENT,6,4,241,", AL JUBAIL, EASTERN"
449000,APARTMENT,4,2,113,OTHER
1800000,VILLA,7,7,540,OTHER
640000,APARTMENT,4,5,177,OTHER
850000,APARTMENT,5,4,205,"AL JANADRIYAH, RIYADH, AR RIYADH"
620000,APARTMENT,6,4,184,OTHER
665000,APARTMENT,6,3,174,OTHER
850000,VILLA,7,7,230,OTHER
609000,APARTMENT,6,4,184,OTHER
620000,APARTMENT,6,4,184,OTHER
1500000,APARTMENT,4,4,207,"AR RAWDAH, JEDDAH, MAKKAH AL MUKARRAMAH"
710000,APARTMENT,5,3,175,OTHER
450000,APARTMENT,5,3,123,OTHER
550000,APARTMENT,5,3,182,OTHER
1300000,APARTMENT,6,5,315,"AL JANADRIYAH, RIYADH, AR RIYADH"
1080000,VILLA,7,7,290,OTHER
1100000,VILLA,7,5,265,"TUWAIQ, RIYADH, AR RIYADH"
680000,APARTMENT,5,4,189,OTHER
520000,APARTMENT,5,5,178,OTHER
1600000,VILLA,3,1,264,"AL JANADRIYAH, RIYADH, AR RIYADH"
760000,APARTMENT,5,4,176,OTHER
620000,APARTMENT,4,4,190,OTHER
720000,APARTMENT,5,4,210,OTHER
760000,APARTMENT,5,4,206,OTHER
680000,APARTMENT,5,4,210,OTHER
700000,APARTMENT,7,5,380,OTHER
500000,APARTMENT,5,4,135,OTHER
400000,APARTMENT,2,2,100,OTHER
650000,APARTMENT,5,3,213,OTHER
900000,APARTMENT,6,4,214,OTHER
680000,APARTMENT,5,3,167,OTHER
570000,APARTMENT,5,3,174,OTHER
650000,APARTMENT,3,3,544,OTHER
600000,APARTMENT,6,3,171,OTHER
700000,APARTMENT,5,2,135,OTHER
1700000,VILLA,7,7,225,"AR RIMAL, RIYADH, AR RIYADH"
625000,APARTMENT,5,4,155,"AL MARWAH, JEDDAH, MAKKAH AL MUKARRAMAH"
680000,APARTMENT,5,4,190,OTHER
770000,APARTMENT,7,4,140,"AS SALAMAH, JEDDAH, MAKKAH AL MUKARRAMAH"
1700000,VILLA,7,6,467,OTHER
640000,APARTMENT,5,4,155,"AL MARWAH, JEDDAH, MAKKAH AL MUKARRAMAH"
620000,APARTMENT,5,4,155,"AL MARWAH, JEDDAH, MAKKAH AL MUKARRAMAH"
1500000,VILLA,7,7,488,"AL JANADRIYAH, RIYADH, AR RIYADH"
560000,APARTMENT,5,3,166,OTHER
700000,VILLA,7,6,800,OTHER
1100000,VILLA,7,6,450,OTHER
1150000,VILLA,7,6,220,OTHER
520000,APARTMENT,5,3,218,OTHER
550000,APARTMENT,7,4,212,OTHER
1100000,VILLA,7,5,263,"TUWAIQ, RIYADH, AR RIYADH"
500000,APARTMENT,6,3,198,OTHER
1480000,VILLA,7,6,294,OTHER
850000,APARTMENT,5,4,195,"AL MARWAH, JEDDAH, MAKKAH AL MUKARRAMAH"
980000,VILLA,5,5,201,"AL JANADRIYAH, RIYADH, AR RIYADH"
2400000,VILLA,7,7,430,OTHER
1350000,VILLA,7,6,262,OTHER
980000,APARTMENT,5,4,186,"AL JANADRIYAH, RIYADH, AR RIYADH"
1150000,VILLA,7,6,272,"TUWAIQ, RIYADH, AR RIYADH"
499000,APARTMENT,5,3,214,OTHER
1000000,VILLA,6,6,315,OTHER
560000,APARTMENT,5,4,134,OTHER
2400000,VILLA,7,7,430,OTHER
1200000,APARTMENT,5,5,177,OTHER
490000,APARTMENT,4,3,132,"AS SAFA, JEDDAH, MAKKAH AL MUKARRAMAH"
549000,APARTMENT,6,3,181,OTHER
1100000,VILLA,6,6,200,OTHER
1070000,VILLA,7,5,269,"TUWAIQ, RIYADH, AR RIYADH"
560000,APARTMENT,4,4,134,OTHER
900000,APARTMENT,5,4,205,"AL JANADRIYAH, RIYADH, AR RIYADH"
650000,APARTMENT,3,2,121,"AL JANADRIYAH, RIYADH, AR RIYADH"
630000,APARTMENT,5,4,190,OTHER
1000000,APARTMENT,5,4,183,OTHER
490000,APARTMENT,5,3,129,OTHER
1600000,VILLA,7,6,264,"AL JANADRIYAH, RIYADH, AR RIYADH"
400000,APARTMENT,5,3,165,OTHER
2500000,VILLA,7,7,433,OTHER
490000,APARTMENT,4,3,128,"AL MARWAH, JEDDAH, MAKKAH AL MUKARRAMAH"
2300000,VILLA,7,6,343,OTHER
2200000,VILLA,7,7,375,OTHER
870000,APARTMENT,6,5,204,OTHER
1100000,VILLA,6,6,399,OTHER
560000,APARTMENT,4,3,154,OTHER
900000,APARTMENT,5,4,156,OTHER
1150000,VILLA,7,7,288,"AL JANADRIYAH, RIYADH, AR RIYADH"
1000000,VILLA,6,4,280,OTHER
650000,APARTMENT,5,4,186,OTHER
1000000,VILLA,7,5,287,OTHER
700000,APARTMENT,6,4,185,"AL JANADRIYAH, RIYADH, AR RIYADH"
430000,APARTMENT,5,3,122,OTHER
510000,APARTMENT,6,4,168,OTHER
830000,APARTMENT,5,4,177,"AL MARWAH, JEDDAH, MAKKAH AL MUKARRAMAH"
2600000,VILLA,7,7,361,OTHER
1750000,VILLA,6,7,396,OTHER
13000000,VILLA,7,7,741,OTHER
1950000,VILLA,6,7,241,OTHER
2300000,VILLA,7,5,310,OTHER
720000,VILLA,7,7,348,OTHER
1050000,VILLA,6,7,200,OTHER
3000000,VILLA,7,6,563,OTHER
1900000,VILLA,7,7,400,"AS SAFA, JEDDAH, MAKKAH AL MUKARRAMAH"
790000,VILLA,7,6,354,OTHER
481000,APARTMENT,4,3,135,"AS SAFA, JEDDAH, MAKKAH AL MUKARRAMAH"
656000,APARTMENT,5,4,184,OTHER
450000,APARTMENT,5,5,199,", AL JUBAIL, EASTERN"
599000,APARTMENT,5,4,198,", AL JUBAIL, EASTERN"
1200000,VILLA,7,6,200,OTHER
570000,APARTMENT,5,3,198,OTHER
350000,VILLA,7,3,444,OTHER
1550000,APARTMENT,5,5,183,"AL MUNISIYAH, RIYADH, AR RIYADH"
1300000,VILLA,7,6,345,OTHER
2100000,VILLA,7,6,328,"AR RIMAL, RIYADH, AR RIYADH"
560000,APARTMENT,5,4,203,OTHER
6500000,VILLA,5,7,442,OTHER
3300000,VILLA,7,7,750,OTHER
550000,APARTMENT,5,3,122,OTHER
750000,APARTMENT,5,3,207,OTHER
770000,APARTMENT,7,6,350,OTHER
1550000,APARTMENT,5,6,206,"AL MUNISIYAH, RIYADH, AR RIYADH"
900000,APARTMENT,5,4,176,OTHER
535000,APARTMENT,6,3,165,OTHER
1300000,APARTMENT,6,3,222,"AR RIMAL, RIYADH, AR RIYADH"
435000,APARTMENT,3,3,103,OTHER
2400000,VILLA,7,7,420,OTHER
500000,APARTMENT,6,4,147,OTHER
2850000,VILLA,6,5,299,OTHER
3800000,VILLA,7,7,400,OTHER
440000,APARTMENT,5,3,174,OTHER
900000,VILLA,7,5,622,OTHER
860000,APARTMENT,5,4,213,OTHER
600000,APARTMENT,6,4,180,OTHER
430000,APARTMENT,5,3,179,OTHER
1550000,VILLA,7,6,420,OTHER
450000,APARTMENT,5,3,126,OTHER
520000,APARTMENT,5,3,132,OTHER
600000,APARTMENT,6,4,260,", AL JUBAIL, EASTERN"
1250000,VILLA,7,7,366,OTHER
650000,APARTMENT,5,3,157,OTHER
1200000,APARTMENT,5,4,215,"AR RIMAL, RIYADH, AR RIYADH"
750000,APARTMENT,7,4,356,OTHER
1000000,VILLA,7,5,261,OTHER
750000,VILLA,7,7,197,OTHER
1650000,VILLA,7,7,417,OTHER
550000,APARTMENT,6,3,179,OTHER
1250000,VILLA,7,6,220,OTHER
800000,APARTMENT,6,3,241,OTHER
1150000,VILLA,7,6,400,OTHER
680000,APARTMENT,5,3,187,OTHER
1150000,VILLA,7,7,405,OTHER
400000,APARTMENT,5,3,186,OTHER
550000,APARTMENT,5,4,152,OTHER
1150000,APARTMENT,5,4,162,"AS SALAMAH, JEDDAH, MAKKAH AL MUKARRAMAH"
1050000,VILLA,7,7,250,OTHER
750000,APARTMENT,2,1,420,OTHER
2700000,VILLA,4,6,300,OTHER
700000,APARTMENT,5,3,194,OTHER
470000,APARTMENT,5,3,131,OTHER
3500000,VILLA,7,7,720,OTHER
1140000,APARTMENT,6,4,193,OTHER
620000,APARTMENT,6,4,169,OTHER
3500000,VILLA,7,7,338,OTHER
1250000,VILLA,7,7,310,OTHER
950000,VILLA,5,4,312,OTHER
1950000,VILLA,7,7,241,OTHER
2700000,APARTMENT,3,3,180,OTHER
2300000,VILLA,7,7,472,OTHER
2850000,VILLA,7,7,390,OTHER
970000,VILLA,6,7,273,OTHER
1050000,APARTMENT,5,4,175,"AR RIMAL, RIYADH, AR RIYADH"
350000,APARTMENT,3,2,119,OTHER
800000,APARTMENT,4,3,190,OTHER
500000,APARTMENT,6,3,200,OTHER
420000,APARTMENT,5,3,130,OTHER
800000,APARTMENT,5,3,127,OTHER
560000,APARTMENT,6,4,248,", AL JUBAIL, EASTERN"
550000,APARTMENT,5,4,197,OTHER
650000,APARTMENT,5,3,204,OTHER
700000,APARTMENT,5,3,195,OTHER
1000000,APARTMENT,6,4,224,OTHER
1950000,VILLA,7,6,241,OTHER
1100000,VILLA,7,5,399,", AL JUBAIL, EASTERN"
1350000,VILLA,7,6,553,OTHER
900000,VILLA,7,5,373,OTHER
650000,APARTMENT,6,5,225,OTHER
3200000,VILLA,7,6,459,OTHER
550000,APARTMENT,2,2,59,OTHER
750000,VILLA,7,7,308,OTHER
1140000,VILLA,7,6,312,OTHER
1200000,VILLA,7,5,250,OTHER
1600000,VILLA,7,5,360,"TUWAIQ, RIYADH, AR RIYADH"
4850000,VILLA,7,7,550,OTHER
2700000,VILLA,7,7,620,OTHER
2200000,VILLA,7,6,382,OTHER
4000000,VILLA,2,6,450,OTHER
700000,APARTMENT,5,3,157,OTHER
500000,APARTMENT,5,3,209,OTHER
1250000,VILLA,7,7,310,OTHER
750000,APARTMENT,3,2,80,OTHER
1400000,VILLA,7,7,460,OTHER
1200000,APARTMENT,5,5,194,"AR RAWDAH, JEDDAH, MAKKAH AL MUKARRAMAH"
630000,APARTMENT,5,4,208,OTHER
450000,APARTMENT,5,2,165,OTHER
600000,APARTMENT,5,3,134,OTHER
550000,APARTMENT,6,4,243,", AL JUBAIL, EASTERN"
1200000,APARTMENT,3,3,126,OTHER
600000,APARTMENT,3,3,145,OTHER
575000,APARTMENT,5,3,150,"AL MARWAH, JEDDAH, MAKKAH AL MUKARRAMAH"
1700000,VILLA,7,6,506,OTHER
3480000,VILLA,7,6,560,OTHER
750000,VILLA,7,6,334,MAKKAH AL MUKARRAMAH
250000,APARTMENT,4,3,143,OTHER
540000,APARTMENT,5,3,126,OTHER
1550000,VILLA,7,7,400,OTHER
1400000,APARTMENT,6,6,240,"AL JANADRIYAH, RIYADH, AR RIYADH"
2400000,VILLA,4,3,450,OTHER
850000,VILLA,6,6,293,", AL JUBAIL, EASTERN"
2500000,VILLA,7,7,504,"AS SAFA, JEDDAH, MAKKAH AL MUKARRAMAH"
400000,APARTMENT,5,3,149,", AL JUBAIL, EASTERN"
570000,APARTMENT,4,3,126,OTHER
730000,APARTMENT,6,5,198,OTHER
1900000,VILLA,7,6,500,OTHER
588000,APARTMENT,6,5,201,OTHER
1500000,VILLA,7,4,312,OTHER
650000,APARTMENT,6,3,211,OTHER
845583,APARTMENT,5,4,180,OTHER
3500000,VILLA,7,7,618,OTHER
600000,APARTMENT,6,2,173,OTHER
520000,APARTMENT,5,3,204,OTHER
3000000,VILLA,6,5,299,OTHER
720000,APARTMENT,5,3,165,OTHER
680000,APARTMENT,5,3,143,OTHER
1100000,VILLA,7,7,357,OTHER
800000,VILLA,7,6,362,OTHER
1050000,VILLA,7,7,392,OTHER
559000,APARTMENT,6,3,147,OTHER
1450000,APARTMENT,6,7,305,OTHER
3200000,VILLA,7,7,663,OTHER
700000,APARTMENT,6,3,176,OTHER
1650000,VILLA,7,6,598,OTHER
1850000,VILLA,7,6,361,"AL JANADRIYAH, RIYADH, AR RIYADH"
620000,APARTMENT,6,5,211,OTHER
1350000,VILLA,6,7,405,OTHER
1800000,VILLA,7,7,450,OTHER
1450000,VILLA,7,6,361,"AL JANADRIYAH, RIYADH, AR RIYADH"
1100000,APARTMENT,5,5,257,OTHER
450000,APARTMENT,5,4,170,OTHER
515000,APARTMENT,5,5,194,OTHER
600000,APARTMENT,5,4,226,OTHER
957000,APARTMENT,5,4,185,OTHER
510000,APARTMENT,5,5,200,OTHER
750000,APARTMENT,6,3,166,OTHER
2300000,VILLA,6,5,400,OTHER
700000,APARTMENT,5,3,174,"AS SAFA, JEDDAH, MAKKAH AL MUKARRAMAH"
550000,APARTMENT,5,3,197,MAKKAH AL MUKARRAMAH
3700000,VILLA,7,7,576,OTHER
880000,VILLA,7,5,345,MAKKAH AL MUKARRAMAH
1200000,VILLA,7,7,493,OTHER
1150000,VILLA,6,5,275,OTHER
450000,APARTMENT,4,2,91,"AS SALAMAH, JEDDAH, MAKKAH AL MUKARRAMAH"
960000,VILLA,7,7,275,OTHER
480000,APARTMENT,5,4,204,", AL JUBAIL, EASTERN"
520000,APARTMENT,5,3,145,OTHER
1700000,VILLA,7,6,690,OTHER
780000,APARTMENT,5,3,166,OTHER
1480000,VILLA,7,7,300,OTHER
550000,APARTMENT,5,3,155,OTHER
700000,APARTMENT,5,3,209,OTHER
2300000,VILLA,6,6,400,OTHER
1180000,VILLA,6,6,322,OTHER
700000,APARTMENT,5,4,207,"AS SAFA, JEDDAH, MAKKAH AL MUKARRAMAH"
1220000,VILLA,6,6,292,OTHER
670000,APARTMENT,5,3,178,OTHER
595000,APARTMENT,5,3,130,"AL MARWAH, JEDDAH, MAKKAH AL MUKARRAMAH"
1230000,VILLA,6,6,340,OTHER
1400000,APARTMENT,3,3,198,OTHER
600000,APARTMENT,5,3,209,OTHER
1150000,VILLA,7,6,224,OTHER
349000,APARTMENT,3,3,575,OTHER
780000,APARTMENT,5,3,178,OTHER
730000,APARTMENT,5,4,187,OTHER
850000,VILLA,6,5,280,MAKKAH AL MUKARRAMAH
2000000,VILLA,7,7,261,"AR RIMAL, RIYADH, AR RIYADH"
900000,APARTMENT,7,5,270,"AS SAFA, JEDDAH, MAKKAH AL MUKARRAMAH"
660000,APARTMENT,5,5,206,OTHER
570000,APARTMENT,5,3,167,OTHER
650000,APARTMENT,5,4,159,"AS SAFA, JEDDAH, MAKKAH AL MUKARRAMAH"
550000,APARTMENT,5,4,147,OTHER
720000,APARTMENT,6,3,165,OTHER
550000,APARTMENT,5,2,181,OTHER
850000,APARTMENT,2,2,110,OTHER
600000,APARTMENT,6,3,257,OTHER
570000,APARTMENT,5,3,160,OTHER
850000,VILLA,6,4,277,OTHER
1120000,VILLA,7,7,400,OTHER
700000,APARTMENT,7,4,286,OTHER
720000,APARTMENT,5,3,162,OTHER
595000,APARTMENT,5,4,176,OTHER
750000,APARTMENT,6,4,220,"AL MARWAH, JEDDAH, MAKKAH AL MUKARRAMAH"
1500000,APARTMENT,2,2,116,OTHER
500000,APARTMENT,5,2,153,OTHER
595000,APARTMENT,6,4,176,OTHER
600000,APARTMENT,5,4,203,OTHER
700000,APARTMENT,6,3,174,MAKKAH AL MUKARRAMAH
675000,APARTMENT,7,3,195,OTHER
1230000,VILLA,7,6,267,OTHER
400000,APARTMENT,5,3,120,MAKKAH AL MUKARRAMAH
690000,APARTMENT,5,4,195,"AS SAFA, JEDDAH, MAKKAH AL MUKARRAMAH"
5600000,VILLA,5,7,375,OTHER
530000,APARTMENT,5,4,190,OTHER
650000,APARTMENT,5,3,187,MAKKAH AL MUKARRAMAH
1500000,VILLA,7,7,360,OTHER
1750000,VILLA,7,7,345,OTHER
420000,APARTMENT,5,3,160,OTHER
570000,VILLA,7,5,164,OTHER
674000,APARTMENT,6,3,185,MAKKAH AL MUKARRAMAH
800000,APARTMENT,7,5,382,OTHER
3000000,VILLA,5,7,423,OTHER
615000,APARTMENT,6,4,176,OTHER
7800000,VILLA,5,6,780,OTHER
650000,APARTMENT,5,4,155,OTHER
560000,APARTMENT,7,5,337,OTHER
2450000,VILLA,7,7,409,OTHER
1100000,APARTMENT,5,3,186,"AR RAWDAH, JEDDAH, MAKKAH AL MUKARRAMAH"
2200000,VILLA,7,5,307,OTHER
4800000,VILLA,5,5,525,"AL MUNISIYAH, RIYADH, AR RIYADH"
1180000,VILLA,7,7,381,OTHER
1030000,APARTMENT,6,4,206,"AS SALAMAH, JEDDAH, MAKKAH AL MUKARRAMAH"
620000,APARTMENT,5,4,170,OTHER
730000,APARTMENT,6,4,186,OTHER
6000000,VILLA,5,7,636,OTHER
2400000,APARTMENT,2,3,141,OTHER
2850000,VILLA,7,5,390,OTHER
1600000,VILLA,7,7,231,OTHER
7800000,VILLA,5,7,780,OTHER
600000,APARTMENT,5,3,195,"AS SAFA, JEDDAH, MAKKAH AL MUKARRAMAH"
430000,APARTMENT,5,3,160,OTHER
790000,FULL FLOOR,7,3,224,OTHER
2950000,VILLA,7,7,458,OTHER
570000,APARTMENT,5,5,189,OTHER
450000,APARTMENT,5,4,172,OTHER
1330000,VILLA,7,7,312,OTHER
500000,APARTMENT,7,5,273,OTHER
810000,APARTMENT,6,5,203,"AS SAFA, JEDDAH, MAKKAH AL MUKARRAMAH"
1150000,APARTMENT,7,5,323,"AL JANADRIYAH, RIYADH, AR RIYADH"
550000,APARTMENT,5,3,201,OTHER
1300000,VILLA,7,7,384,OTHER
690000,VILLA,6,5,211,OTHER
450000,APARTMENT,5,4,208,", AL JUBAIL, EASTERN"
770000,VILLA,6,4,214,OTHER
750000,APARTMENT,5,4,207,OTHER
1700000,APARTMENT,6,5,236,OTHER
780000,VILLA,7,5,498,OTHER
650000,APARTMENT,4,3,164,OTHER
920000,APARTMENT,5,6,224,"AL MARWAH, JEDDAH, MAKKAH AL MUKARRAMAH"
560000,APARTMENT,4,2,144,OTHER
2450000,VILLA,7,7,253,OTHER
677000,APARTMENT,4,4,224,OTHER
1500000,APARTMENT,3,3,167,OTHER
1350000,VILLA,7,7,200,"AL JANADRIYAH, RIYADH, AR RIYADH"
640000,APARTMENT,6,4,293,OTHER
750000,APARTMENT,4,4,187,OTHER
950000,APARTMENT,5,3,135,"AL MUNISIYAH, RIYADH, AR RIYADH"
780000,APARTMENT,7,4,295,OTHER
650000,APARTMENT,5,4,184,OTHER
730000,VILLA,7,4,299,MAKKAH AL MUKARRAMAH
550000,APARTMENT,6,4,190,OTHER
850000,APARTMENT,6,4,219,"AS SAFA, JEDDAH, MAKKAH AL MUKARRAMAH"
550000,APARTMENT,5,4,163,OTHER
700000,APARTMENT,5,3,152,"AL MARWAH, JEDDAH, MAKKAH AL MUKARRAMAH"
1350000,VILLA,5,5,221,"AL JANADRIYAH, RIYADH, AR RIYADH"
1050000,VILLA,7,7,288,OTHER
580000,APARTMENT,6,4,206,OTHER
550000,APARTMENT,6,4,173,OTHER
900000,VILLA,5,3,190,OTHER
1700000,VILLA,7,7,300,OTHER
600000,APARTMENT,4,3,174,OTHER
580000,APARTMENT,5,4,189,OTHER
1350000,VILLA,7,6,300,OTHER
9000000,VILLA,7,7,585,OTHER
600000,APARTMENT,5,3,116,OTHER
510000,APARTMENT,4,3,129,"AL MARWAH, JEDDAH, MAKKAH AL MUKARRAMAH"
480000,APARTMENT,4,3,137,OTHER
1300000,VILLA,7,6,363,OTHER
550000,APARTMENT,5,3,157,OTHER
950000,VILLA,7,5,349,OTHER
560000,APARTMENT,4,3,144,OTHER
1200000,APARTMENT,6,6,242,"AS SAFA, JEDDAH, MAKKAH AL MUKARRAMAH"
488000,APARTMENT,4,3,132,"AS SAFA, JEDDAH, MAKKAH AL MUKARRAMAH"
580000,APARTMENT,5,4,216,OTHER
550000,APARTMENT,5,4,192,", AL JUBAIL, EASTERN"
790000,APARTMENT,6,3,178,OTHER
1550000,APARTMENT,5,5,203,"AL MUNISIYAH, RIYADH, AR RIYADH"
650000,APARTMENT,7,6,314,OTHER
470000,APARTMENT,5,3,157,OTHER
760000,APARTMENT,7,5,356,OTHER
680000,APARTMENT,3,3,89,"AR RIMAL, RIYADH, AR RIYADH"
1400000,VILLA,7,7,312,OTHER
599000,APARTMENT,6,3,238,", AL JUBAIL, EASTERN"
580000,APARTMENT,4,3,149,"AL MARWAH, JEDDAH, MAKKAH AL MUKARRAMAH"
1300000,APARTMENT,7,5,233,OTHER
1250000,VILLA,7,7,392,OTHER
600000,APARTMENT,6,4,228,OTHER
499000,APARTMENT,4,3,128,OTHER
620000,APARTMENT,6,4,600,OTHER
1400000,VILLA,7,4,312,OTHER
600000,APARTMENT,6,3,195,OTHER
630000,APARTMENT,6,5,211,OTHER
545000,APARTMENT,6,4,235,OTHER
580000,APARTMENT,7,5,235,OTHER
1450000,VILLA,7,7,300,OTHER
540000,APARTMENT,6,3,130,OTHER
